SUMMARY,DTSTART,DTEND,DUE,NOTES,ATTENDEE,LOCATION,PRIORITY,URL,CALENDAR,UID
OHS Parent Association Meeting,1/19/2012 10:00,1/19/2012 11:30,,,,,,,,
OHS Parent Association Meeting,1/19/2012 20:00,1/19/2012 21:30,,,,,,,,
Friday make-up of Monday’s missed classes (MLK),1/20/2012 0:00,1/21/2012 0:00,,,,,,,,
UM52B Midterm (Zaurova),2/10/2012 0:00,2/16/2012 0:00,,,,,,,,
OC11A Midterm (Shapiro),2/15/2012 0:00,2/20/2012 0:00,,,,,,,,
OHS Parent Association Meeting,2/16/2012 10:00,2/16/2012 11:30,,,,,,,,
OHS Parent Association Meeting,2/16/2012 20:00,2/16/2012 21:30,,,,,,,,
Course Drop Deadline,2/20/2012 0:00,2/21/2012 0:00,,,,,,,,
Presidents Day,2/20/2012 0:00,2/21/2012 0:00,,,,,,,,
OLA11 Midterm (Balsley),2/23/2012 0:00,2/25/2012 0:00,,,,,,,,
OP053 Midterm (McKale),2/23/2012 0:00,2/27/2012 0:00,,,,,,,,
Friday make-up of Monday’s missed classes (Presidents Day),2/24/2012 0:00,2/25/2012 0:00,,,,,,,,
Speaker Series - Congressman Andrews,2/24/2012 14:00,2/24/2012 15:30,,"Congressman Rob Andrews (D-NJ) will speak about education and the SOPA legislation on Friday, February 24th at 1 pm Pacific time in Centra. This event in the OHS Speaker Series is sponsored by the Student Government. ",,Centra,,,,
OM4BC Midterm (Alper),2/25/2012 0:00,3/5/2012 0:00,,,,,,,,
OM012 Midterm (Nuckols/Zaurova),2/27/2012 0:00,3/5/2012 0:00,,,,,,,,
Gateway Site Tutorial 1,2/27/2012 10:00,2/27/2012 11:00,,,,Centra,,,,
OM015 Midterm (Shapiro),2/29/2012 0:00,3/5/2012 0:00,,,,,,,,
OC005 Midterm (Halley),3/1/2012 0:00,3/5/2012 0:00,,,,,,,,
OB010 Midterm (Failor),3/1/2012 0:00,3/5/2012 0:00,,,,,,,,
OLA12 Midterm (Haas),3/1/2012 0:00,3/5/2012 0:00,,,,,,,,
OC010 Midterm (Freed),3/1/2012 0:00,3/5/2012 0:00,,,,,,,,
OLA03 Midterm (Haas),3/1/2012 0:00,3/5/2012 0:00,,,,,,,,
OM060 Midterm (Hoshi),3/1/2012 0:00,3/5/2012 0:00,,,,,,,,
OLA13 Midterm (Haas),3/1/2012 0:00,3/5/2012 0:00,,,,,,,,
OCH11 Midterm (Bickart),3/2/2012 0:00,3/6/2012 0:00,,,,,,,,
OM013 Midterm (Nuckols),3/5/2012 0:00,3/12/2012 0:00,,,,,,,,
OM011 Midterm (Nuckols),3/5/2012 0:00,3/12/2012 0:00,,,,,,,,
UM53A Midterm (Paquin),3/7/2012 0:00,3/13/2012 0:00,,,,,,,,
OM4AB Midterm (Paquin),3/7/2012 0:00,3/13/2012 0:00,,,,,,,,
Gateway Site Tutorial 2,3/8/2012 19:00,3/8/2012 20:00,,,,Centra,,,,
OH011 Midterm (Smith),3/9/2012 0:00,3/13/2012 0:00,,,,,,,,
OCH13 Midterm (Bickart),3/9/2012 0:00,3/13/2012 0:00,,,,,,,,
UEC20 Midterm (D'Urso),3/12/2012 0:00,3/19/2012 0:00,,,,,,,,
UP055 Midterm (Oas),3/14/2012 0:00,3/19/2012 0:00,,,,,,,,
UP070 Midterm (Oas),3/14/2012 0:00,3/19/2012 0:00,,,,,,,,
OP010 Midterm (Bowen/Oas),3/15/2012 0:00,3/20/2012 0:00,,,,,,,,
OMSB9 Midterm (Hoshi/Weil),3/15/2012 0:00,3/19/2012 0:00,,,,,,,,
Spring Break,3/19/2012 0:00,3/24/2012 0:00,,,,,,,,
Submission Deadline for Commitment to Register and Course Enrollment Forms,3/20/2012 0:00,3/21/2012 0:00,,,,,,,,
OHS Parent Association Meeting,3/29/2012 10:00,3/29/2012 11:30,,,,Centra,,,,
OHS Parent Association Meeting,3/29/2012 20:00,3/29/2012 21:30,,,,Centra,,,,
OLA11 Midterm (Balsley),4/12/2012 0:00,4/14/2012 0:00,,,,,,,,
OHS Parent Association Meeting,4/12/2012 10:00,4/12/2012 11:30,,,,,,,,
OHS Parent Association Meeting,4/12/2012 20:00,4/12/2012 21:30,,,,,,,,
OHS Parent Association Meeting,4/26/2012 10:00,4/26/2012 11:30,,,,,,,,
OHS Parent Association Meeting,4/26/2012 20:00,4/26/2012 21:30,,,,,,,,
OHS Parent Association Meeting,5/10/2012 10:00,5/10/2012 11:30,,,,,,,,
OHS Parent Association Meeting,5/10/2012 20:00,5/10/2012 21:30,,,,,,,,
OHS Parent Association Meeting,5/24/2012 10:00,5/24/2012 11:30,,,,,,,,
OHS Parent Association Meeting,5/24/2012 20:00,5/24/2012 21:30,,,,,,,,
Memorial Day,5/28/2012 0:00,5/29/2012 0:00,,,,,,,,
English Final Exam,5/29/2012 0:00,5/30/2012 0:00,,,,,,,,
Computer Science Final Exam,5/29/2012 0:00,5/30/2012 0:00,,,,,,,,
Mathematics Final Exam,5/30/2012 0:00,5/31/2012 0:00,,,,,,,,
Music Final Exam,5/30/2012 0:00,5/31/2012 0:00,,,,,,,,
Economics Final Exam,5/31/2012 0:00,6/1/2012 0:00,,,,,,,,
Foreign Language Final Exam,5/31/2012 0:00,6/1/2012 0:00,,,,,,,,
Core Final Exam,5/31/2012 0:00,6/1/2012 0:00,,,,,,,,
Science Final Exam,6/1/2012 0:00,6/2/2012 0:00,,,,,,,,
History Final Exam,6/1/2012 0:00,6/2/2012 0:00,,,,,,,,
Flex Day,6/2/2012 0:00,6/3/2012 0:00,,,,,,,,
Flex Day,6/4/2012 0:00,6/5/2012 0:00,,,,,,,,
Graduation Weekend,6/22/2012 0:00,6/25/2012 0:00,,,,,,,,
Summer Session,8/7/2012 0:00,8/22/2012 0:00,,,,Stanford University,,,,
Reading Week,8/29/2012 0:00,9/1/2012 0:00,,,,,,,,
Labor Day Holiday,9/3/2012 0:00,9/4/2012 0:00,,,,,,,,
Live Online Orientation,9/4/2012 10:00,9/4/2012 13:00,,,,Centra,,,,
Live Online Orientation,9/4/2012 17:00,9/4/2012 20:00,,,,Centra,,,,
Class Meetings begin,9/5/2012 0:00,9/6/2012 0:00,,,,,,,,
Tech Open Office Hours,9/5/2012 9:00,9/5/2012 10:00,,FREQ=DAILY;UNTIL=20120908T065959Z;INTERVAL=1,,Centra,,,,
Tech Open Office Hours,9/5/2012 16:00,9/5/2012 16:30,,FREQ=DAILY;UNTIL=20120908T065959Z;INTERVAL=1,,Centra,,,,
All-School Assembly,9/6/2012 16:00,9/6/2012 17:00,,,,Centra,,,,
Tech Open Office Hours,9/10/2012 9:00,9/10/2012 10:00,,FREQ=DAILY;UNTIL=20120915T065959Z;INTERVAL=2,,Centra,,,,
Tech Open Office Hours,9/10/2012 16:00,9/10/2012 17:00,,FREQ=DAILY;UNTIL=20120915T065959Z;INTERVAL=2,,,,,,
Add Deadline,9/14/2012 0:00,9/15/2012 0:00,,,,,,,,
Submission Deadline for Club Proposal Form,9/18/2012 0:00,9/19/2012 0:00,,,,,,,,
OHS Parent Association Meeting,9/20/2012 10:00,9/20/2012 11:30,,,,Centra,,,,
OHS Parent Association Meeting,9/20/2012 19:00,9/20/2012 20:30,,FREQ=MONTHLY;UNTIL=20130517T065959Z;INTERVAL=1;BYDAY=3TH,,Centra,,,,
Deadline for Family Directory Submisions,9/21/2012 0:00,9/22/2012 0:00,,,,,,,,
Assembly: Club Fair,9/21/2012 10:00,9/21/2012 11:00,,,,Centra,,,,
Submission Deadline for Student Government Candidate Entry Form,9/28/2012 0:00,9/29/2012 0:00,,,,,,,,
Back-to-School Night,9/28/2012 17:00,9/28/2012 20:00,,,,Centra,,,,
Assembly: Student Government Candidate Speeches,10/5/2012 10:00,10/5/2012 11:00,,,,Centra,,,,
OHS Parent Association Meeting,10/11/2012 9:00,10/11/2012 10:30,,,,Centra,,,,
OHS Parent Association Meeting,10/11/2012 9:00,10/11/2012 10:30,,FREQ=MONTHLY;UNTIL=20130510T065959Z;INTERVAL=1;BYDAY=2TH,,Centra,,,,
Drop Deadline (without incurring a W on the transcript),10/12/2012 0:00,10/13/2012 0:00,,,,,,,,
PSAT Exam Date,10/17/2012 0:00,10/18/2012 0:00,,,,,,,,
PSAT Exam Date,10/20/2012 0:00,10/21/2012 0:00,,,,,,,,
Halloween Assembly,10/26/2012 10:00,10/26/2012 11:00,,,,Centra,,,,
United States Presidential Election Assembly,11/2/2012 10:00,11/2/2012 11:00,,,,Centra,,,,
OHS Parent Association Meeting,11/8/2012 9:00,11/8/2012 10:30,,,,Centra,,,,
Thanksgiving Holiday,11/21/2012 0:00,11/24/2012 0:00,,,,,,,,
Last Day of Classes,12/13/2012 0:00,12/14/2012 0:00,,,,,,,,
Holiday Assembly,12/14/2012 10:00,12/14/2012 11:00,,,,Centra,,,,
"Finals: English, Computer Science",12/17/2012 0:00,12/18/2012 0:00,,,,,,,,
"Finals: Mathematics, Music",12/18/2012 0:00,12/19/2012 0:00,,,,,,,,
"Finals: Core, Foreign Language, Economics",12/19/2012 0:00,12/20/2012 0:00,,,,,,,,
"Finals: Science, History",12/20/2012 0:00,12/21/2012 0:00,,,,,,,,
OHS Parent Association Meeting,12/20/2012 19:00,12/20/2012 20:30,,,,Centra,,,,
Finals: Flex Day,12/21/2012 0:00,12/23/2012 0:00,,,,,,,,
Winter Break,12/24/2012 0:00,1/5/2013 0:00,,,,,,,,
Reading Week,1/7/2013 0:00,1/12/2013 0:00,,,,,,,,
First Day of Classes,1/14/2013 0:00,1/15/2013 0:00,,,,,,,,
Fall Semester Grades Available on PowerSchool,1/16/2013 0:00,1/17/2013 0:00,,,,,,,,
Spring Semester Add/Drop Deadline,1/18/2013 0:00,1/19/2013 0:00,,,,,,,,
Career Speaker Series: Alex Laslavic,1/18/2013 10:00,1/18/2013 11:00,,,,Centra,,,,
Leadership Speaker Series Discussion,1/18/2013 15:00,1/18/2013 16:30,,,,Centra,,,,
Baltimore Meet-up,1/18/2013 15:00,1/18/2013 18:00,,"Junior Simona Galant is visiting the Baltimore area and has graciously offered to get OHS friends together for a casual meet-up in Baltimore this Friday, January 18, from 2-5 pm.  For details and RSVP information, click here: http://www.stanford.edu/dept/epgyohs/cgi-bin/portal/wp-content/uploads/2012/06/Baltimore-Meet-up.png ",,,,,,
Martin Luther King Holiday,1/21/2013 0:00,1/22/2013 0:00,,,,,,,,
Monday Homerooms on Wednesday,1/23/2013 0:00,1/24/2013 0:00,,,,Centra,,,,
Monday on Friday (Martin Luther King Holiday),1/25/2013 0:00,1/26/2013 0:00,,,,,,,,
College Experience Assembly,2/1/2013 10:00,2/1/2013 11:00,,Required for full-time juniors and seniors. Optional for others. ,,Centra,,,,
Chess Club Guest: Ronen Har-Zvi,2/1/2013 12:30,2/1/2013 14:30,,"The Chess Club has been presented with an amazing opportunity,playing simul games with the  1992 Under 16 World Champion, Ronen Har-Zvi.  Ms Har-Zvi is an energetic and engaging teacher has trained many students all the way to the Grandmaster level\; he is also wonderful with less experienced players. The event will be on Feb. 1 from 11:30am – 1:30pm PST.  All OHS students can sign up for this event, but space is limited, so signup by January 29.More information and registration instructions at theClubs Corner page:https://www.stanford.edu/dept/epgyohs/cgi-bin/portal/?cat=53 ",,,,,,
Model UN Constitutional Convention,2/1/2013 15:00,2/1/2013 16:00,,"MUN club will hold its first meeting of the year on February 1st at 2 p.m. PST. Join us and be part of our Constitutional Convention . This semester we will review, revise and ratify the OHS MUN Constitution, while, in true OHS style, we debate issues of international important in United Nation simulations. Those interested should contact Darcy Deane at darcy2d@stanford.edu or Dermot Bree at dbree1@stanford.edu to be added to the Centra session. ",,Centra,,,,
Leadership Speaker Series,2/8/2013 15:00,2/8/2013 16:30,,,,Centra,,,,
NorCal Meet-up,2/9/2013 17:30,2/9/2013 19:30,,"Parent Kim Laird (Thomas, 2013) and Science Division Head, Kim Failor, invite you to join the OHS Science Bowl team to celebrate their participation in the Stanford Regional Science Bowl on Saturday, February 9th. The team will meet at The Creamery at the Stanford Shopping Center at 4:30pm, after the competition. Join them for burgers, milkshakes, and other tasty treats! 180 Stanford Shopping Center Palo Alto, CA 94304 Stanford Shopping Center‎ http://www.paloaltocreamery.com/ Please RSVP to Kim Laird at keeffe_laird@yahoo.com by Sunday, Feb. 3. ",,"The Creamery, Palo Alto (Stanford Shopping Center)",,,,
College Night for Grades 7-10 Families,2/13/2013 18:00,2/13/2013 19:00,,,,Centra,,,,
OHS Parent Association Meeting,2/14/2013 9:00,2/14/2013 10:30,,,,Centra,,,,
Valentine's Day Poetry Reading,2/14/2013 12:30,2/14/2013 13:30,,Hosted by Lit Club ,,,,,,
Summer Session Application Priority Deadline,2/15/2013 0:00,2/16/2013 0:00,,,,,,,,
Financial Aid deadline for returning students,2/15/2013 0:00,2/16/2013 0:00,,,,,,,,
Astronomy Club Guest: Dr. Mike Brown,2/15/2013 11:30,2/15/2013 12:30,,"Dr. Mike Brown will speak at Astronomy Club on February 15 at 10:30 PST in Centra.  Dr. Brown is a professor of planetary astronomy at theCalifornia Institute of Technology.  He is sometimes called “the Pluto Killer” for his involvement in downgrading Pluto’s status as a planet  This talk is open to all OHS students, so join us to hear this brilliant speaker!Email Ayla Besemer at abesemer@stanford.edu if you would like to be enrolled in the event on Centra. ",,Centra,,,,
Research Colloquium,2/15/2013 14:00,2/15/2013 15:00,,"A Completely Naturalistic Account of the Mind: What It Would Require…and Why It Might Be Impossible to Achieve    Joshua Beattie, Core Instructor    February 15, 2013 – 1 p.m.Summary:Nobody can deny that there have been incredible advances in our scientific understanding of the brain and the way it underwrites certain mental capacities. But questions remain about the big picture. In short, can we give a broad and generalized account of the mind that is fully naturalistic? Or do certain features of the mind resist such treatment? I will briefly discuss a major approach to this naturalistic project and one big obstacle it faces: the seemingly ineliminable role of rational connections – e.g. that a set of beliefs makes sense of or justifies a particular action – in determining which cognitive states are which. ",,Centra,,,,
Leadership Speaker Series Follow-Up Discussion,2/15/2013 15:00,2/15/2013 16:30,,"This is a discussion, led by Dr. Keating, about the Feb. 8th speaker. ",,Centra,,,,
Texas/Oklahoma Meet-up,2/16/2013 17:00,2/16/2013 19:00,,"The Cordeiro family (Jacob, 2015, and Adam, 2018) invite youto a meet up at their home in Frisco, TX at 4pm. 1603 Sandstone Dr. Frisco, TX 75034 Light snacks will be provided, but please bring something to share with the group. RSVP to Kathy Cordeiro at 469-371-1108 orkathy.cordeiro@gmail.com. ",,"Frisco, Texas",,,,
Presidents Day Holiday,2/18/2013 0:00,2/19/2013 0:00,,,,,,,,
Monday Homerooms on Wednesday,2/20/2013 0:00,2/21/2013 0:00,,,,Centra,,,,
Scheduling Information Sessions for Course Enrollment 2013-14 for students entering 7th and 8th grades,2/20/2013 13:30,2/20/2013 15:30,,,,Centra,,,,
Scheduling Information Sessions for Course Enrollment 2013-14 for students entering 9th and 10th grades,2/20/2013 16:00,2/20/2013 18:00,,,,,,,,
Scheduling Information Sessions for Course Enrollment 2013-14 for students 11th and 12th grades,2/21/2013 16:00,2/21/2013 18:00,,,,,,,,
Monday on Friday (Presidents Day),2/22/2013 0:00,2/23/2013 0:00,,,,,,,,
SoCal Meet-up,2/23/2013 11:30,2/23/2013 15:30,,"Join the SoCal OHS community at the El Segundo Teen Center for basketball, foosball, ping pong, pool, board games, and a potluck from10:30am – 2:30pm. Please bring your favorite childhood dish. RSVP to host Sylvie Gabriele at 310-529-3619 or amosavi@verizon.net and include what potluck item you plan to bring. For additional details, click here: http://www.stanford.edu/dept/epgyohs/cgi-bin/portal/wp-content/uploads/2012/06/Socal-Meet-up-Feb-23.png ",,"El Segundo, CA",,,,
Deadline to return Commitment to Register form and initial tuition payment,3/1/2013 0:00,3/2/2013 0:00,,,,,,,,
Spirit Week,3/4/2013 0:00,3/9/2013 0:00,,,,,,,,
Spirit Week Assembly,3/8/2013 13:00,3/8/2013 14:00,,,,,,,,
Leadership Series Discussion,3/8/2013 15:00,3/8/2013 16:30,,,,Centra,,,,
Deadline for submitting all required forms and documents for Course Enrollment 2013-14,3/10/2013 0:00,3/11/2013 0:00,,,,,,,,
OHS Parent Association Meeting,3/14/2013 9:00,3/14/2013 10:30,,,,Centra,,,,
Astronomy Club Speaker: Dr. David Goldberg,3/15/2013 10:00,3/15/2013 11:00,,,,,,,,
Leadership Speaker Series: Dr. Bel Haba,3/22/2013 15:00,3/22/2013 16:30,,,,Centra,,,,
Spring Break,3/25/2013 0:00,3/30/2013 0:00,,,,,,,,
Summer Session Commitment to Register deadline (with a $500 deposit),4/1/2013 0:00,4/2/2013 0:00,,,,,,,,
OHS Parent Association Meeting,4/11/2013 9:00,4/11/2013 10:30,,,,Centra,,,,
OHS Virtual Open House,4/11/2013 18:00,4/11/2013 19:00,,Login: voh20130411sfeigPassword: voh20130411sfeig ,,Computer,,,,
Leadership Speaker Series: Stephen Wolfram,4/12/2013 15:00,4/12/2013 16:30,,,,Centra,,,,
Placement Tests,4/15/2013 0:00,5/1/2013 0:00,,,,,,,,
Service Fair,4/19/2013 10:00,4/19/2013 11:00,,,,,,,,
Science Fair,4/26/2013 10:00,4/26/2013 11:00,,,,Centra,,,,
Leadership Speaker Series Follow-Up Discussion,4/26/2013 15:00,4/26/2013 16:30,,"This is a discussion, led by Dr. Keating, about the April 12th speaker. ",,Centra,,,,
Last Day of Classes,5/16/2013 0:00,5/17/2013 0:00,,,,,,,,
OHS Parent Association Meeting,5/16/2013 19:00,5/16/2013 20:30,,,,Centra,,,,
Dead Week,5/20/2013 0:00,5/23/2013 0:00,,,,,,,,
Spring Semester Finals,5/23/2013 0:00,5/25/2013 0:00,,,,,,,,
Memorial Day Holiday,5/27/2013 0:00,5/28/2013 0:00,,,,,,,,
Spring Semester Finals,5/28/2013 0:00,6/1/2013 0:00,,,,,,,,
Graduation Weekend,6/7/2013 0:00,6/10/2013 0:00,,,,Stanford University,,,,
Summer Session,8/6/2013 0:00,8/20/2013 0:00,,,,,,,,
Live Online Orientation,8/23/2013 0:00,8/24/2013 0:00,,,,Saba Meeting,,,,
First Day of School,8/26/2013 0:00,8/27/2013 0:00,,,,Saba Meeting,,,,
OHS Foundations in Science Class,8/26/2013 21:30,8/26/2013 22:45,,"FREQ=WEEKLY;UNTIL=20131017T013000Z;BYDAY=MO,WE",,Saba Meeting Computer,,,,
Background Surv,8/27/2013 0:00,8/28/2013 0:00,,Background SurveyAttendance and ParticipationScore: --/10 ,,,,,,
Wk 1 Quiz,8/29/2013 0:00,8/30/2013 0:00,,Wk 1 QuizIn-class QuizzesScore: --/10 ,,,,,,
Opening assembly,8/30/2013 14:00,8/30/2013 15:00,,,,Saba,,,,
Opening Assembly,8/30/2013 14:00,8/30/2013 15:00,,,,Saba,,,,
Labor Day Holiday,9/2/2013 0:00,9/3/2013 0:00,,,,,,,,
Wk 2 Quiz,9/5/2013 0:00,9/6/2013 0:00,,Wk 2 QuizIn-class QuizzesScore: --/10 ,,,,,,
Physics of Ligh,9/9/2013 0:00,9/10/2013 0:00,,Physics of LightLab Work and ResearchScore: --/20 ,,,,,,
Wk 3 Quiz,9/12/2013 0:00,9/13/2013 0:00,,Wk 3 QuizIn-class QuizzesScore: --/10 ,,,,,,
Wks 1 - 3 Parti,9/13/2013 0:00,9/14/2013 0:00,,Wks 1 - 3 ParticipationAttendance and ParticipationScore:--/10 ,,,,,,
Leadership Speaker,9/13/2013 15:00,9/13/2013 16:30,,,,,,,,
Physics of Symm,9/16/2013 0:00,9/17/2013 0:00,,Physics of SymmetryLab Work and ResearchScore: --/20 ,,,,,,
Wk 4 Quiz,9/19/2013 0:00,9/20/2013 0:00,,Wk 4 QuizIn-class QuizzesScore: --/10 ,,,,,,
Physics of Wate,9/23/2013 0:00,9/24/2013 0:00,,Physics of WaterLab Work and ResearchScore: --/20 ,,,,,,
Wk 5 Quiz,9/26/2013 0:00,9/27/2013 0:00,,Wk 5 QuizIn-class QuizzesScore: --/10 ,,,,,,
Back to School Night,9/27/2013 0:00,9/28/2013 0:00,,,,Saba Meeting,,,,
Physics of Soap,9/30/2013 0:00,10/1/2013 0:00,,Physics of SoapLab Work and ResearchScore: --/20 ,,,,,,
Wk 6 Quiz,10/3/2013 0:00,10/4/2013 0:00,,Wk 6 QuizIn-class QuizzesScore: --/10 ,,,,,,
Wks 4 - 6 Parti,10/4/2013 0:00,10/5/2013 0:00,,Wks 4 - 6 ParticipationAttendance and ParticipationScore:--/10 ,,,,,,
Physics of Air,10/7/2013 0:00,10/8/2013 0:00,,Physics of AirLab Work and ResearchScore: --/20 ,,,,,,
Wk 7 Quiz,10/10/2013 0:00,10/11/2013 0:00,,Wk 7 QuizIn-class QuizzesScore: --/10 ,,,,,,
Leadership Speaker,10/11/2013 15:00,10/11/2013 16:30,,,,,,,,
Physics of Eggs,10/14/2013 0:00,10/15/2013 0:00,,Physics of EggsLab Work and ResearchScore: --/20 ,,,,,,
Wk 8 Quiz,10/17/2013 0:00,10/18/2013 0:00,,Wk 8 QuizIn-class QuizzesScore: --/10 ,,,,,,
Physics of Rock,10/21/2013 0:00,10/22/2013 0:00,,Physics of RocketsLab Work and ResearchScore: --/20 ,,,,,,
OHS Foundations in Science Class,10/21/2013 21:15,10/21/2013 22:30,,"FREQ=WEEKLY;UNTIL=20131022T011500Z;BYDAY=MO,WE",,Saba Meeting Computer,,,,
OHS Foundations in Science Class,10/23/2013 21:15,10/23/2013 22:30,,"FREQ=WEEKLY;UNTIL=20131031T013000Z;BYDAY=MO,WE",,Saba Meeting Computer,,,,
Wk 9 Quiz,10/24/2013 0:00,10/25/2013 0:00,,Wk 9 QuizIn-class QuizzesScore: --/10 ,,,,,,
Wks 7 - 9 Parti,10/25/2013 0:00,10/26/2013 0:00,,Wks 7 - 9 ParticipationAttendance and ParticipationScore:--/10 ,,,,,,
Midterm Exam,10/28/2013 0:00,10/29/2013 0:00,,Midterm ExamMidtermScore: --/100 ,,,,,,
Wk 10 Quiz,10/31/2013 0:00,11/1/2013 0:00,,Wk 10 QuizIn-class QuizzesScore: --/10 ,,,,,,
Physics of Elec,11/4/2013 0:00,11/5/2013 0:00,,Physics of ElectricityLab Work and ResearchScore: --/20 ,,,,,,
OHS Foundations in Science Class,11/4/2013 21:15,11/4/2013 22:30,,"FREQ=WEEKLY;UNTIL=20140515T011500Z;BYDAY=MO,WE",,Saba Meeting Computer,,,,
Wk 11 Quiz,11/5/2013 0:00,11/6/2013 0:00,,Wk 11 QuizIn-class QuizzesScore: --/10 ,,,,,,
Parent-Teacher Conferences,11/6/2013 0:00,11/8/2013 0:00,,,,Saba Meeting,,,,
Leadership Speaker,11/8/2013 15:00,11/8/2013 16:30,,,,,,,,
Physics of Heat,11/11/2013 0:00,11/12/2013 0:00,,Physics of HeatLab Work and ResearchScore: --/20 ,,,,,,
Wk 12 Quiz,11/14/2013 0:00,11/15/2013 0:00,,Wk 12 QuizIn-class QuizzesScore: --/10 ,,,,,,
Wks 10 - 12 Par,11/15/2013 0:00,11/16/2013 0:00,,Wks 10 - 12 ParticipationAttendance and ParticipationScore: --/10 ,,,,,,
Chemistry of El,11/18/2013 0:00,11/19/2013 0:00,,Chemistry of ElectricityLab Work and ResearchScore: --/20 ,,,,,,
Wk 13 Quiz,11/21/2013 0:00,11/22/2013 0:00,,Wk 13 QuizIn-class QuizzesScore: --/10 ,,,,,,
Chemistry of Ai,11/25/2013 0:00,11/26/2013 0:00,,Chemistry of AirLab Work and ResearchScore: --/20 ,,,,,,
Thanksgiving Holiday,11/27/2013 0:00,11/28/2013 0:00,,,,,,,,
Wk 14 Quiz,11/28/2013 0:00,11/29/2013 0:00,,Wk 14 QuizIn-class QuizzesScore: --/10 ,,,,,,
Wk 15 Quiz,12/5/2013 0:00,12/6/2013 0:00,,Wk 15 QuizIn-class QuizzesScore: --/10 ,,,,,,
Leadership Speaker,12/6/2013 15:00,12/6/2013 16:30,,,,,,,,
Chemistry of Wa,12/9/2013 0:00,12/10/2013 0:00,,Chemistry of WaterLab Work and ResearchScore: --/20 ,,,,,,
Review Classes/Last Day of Classes,12/11/2013 0:00,12/12/2013 0:00,,,,,,,,
Wk 16 Quiz,12/12/2013 0:00,12/13/2013 0:00,,Wk 16 QuizIn-class QuizzesScore: --/10 ,,,,,,
Wks 13 - 16 Par,12/13/2013 0:00,12/14/2013 0:00,,Wks 13 - 16 ParticipationAttendance and ParticipationScore: --/10 ,,,,,,
Fall Semester Finals,12/16/2013 0:00,12/22/2013 0:00,,,,,,,,
Final Exam,12/19/2013 0:00,12/20/2013 0:00,,Final ExamFinal ExamScore: --/150 ,,,,,,
Winter Break,12/23/2013 0:00,1/5/2014 0:00,,,,,,,,
Reading Week,1/6/2014 0:00,1/11/2014 0:00,,,,,,,,
Leadership Speaker,1/10/2014 15:00,1/10/2014 16:30,,,,,,,,
Classes Resume,1/13/2014 0:00,1/14/2014 0:00,,,,,,,,
Martin Luther King Holiday,1/20/2014 0:00,1/21/2014 0:00,,,,,,,,
Monday on Friday (Martin Luther King Holiday),1/24/2014 0:00,1/25/2014 0:00,,,,Saba Meeting,,,,
Leadership Speaker,2/7/2014 15:00,2/7/2014 16:30,,,,,,,,
Presidents Day Holiday,2/17/2014 0:00,2/18/2014 0:00,,,,,,,,
Reading Day (No class),2/18/2014 0:00,2/19/2014 0:00,,,,,,,,
Leadership Speaker,3/7/2014 15:00,3/7/2014 16:30,,,,,,,,
Spring Break,3/24/2014 0:00,3/29/2014 0:00,,,,,,,,
Leadership Speaker,4/11/2014 15:00,4/11/2014 16:30,,,,,,,,
AP Exams,5/5/2014 0:00,5/17/2014 0:00,,,,,,,,
Last Day of Classes,5/15/2014 0:00,5/16/2014 0:00,,,,Saba Meeting,,,,
Study Days,5/19/2014 0:00,5/22/2014 0:00,,,,,,,,
Spring Semester Finals: Computer Science/English,5/22/2014 0:00,5/23/2014 0:00,,,,,,,,
Spring Semester Finals: Math/Music,5/23/2014 0:00,5/24/2014 0:00,,,,,,,,
Memorial Day Holiday,5/26/2014 0:00,5/27/2014 0:00,,,,,,,,
Spring Semester Finals: Core/Foreign Language/Economics,5/27/2014 0:00,5/28/2014 0:00,,,,,,,,
Spring Semester Finals: History/Science,5/28/2014 0:00,5/29/2014 0:00,,,,,,,,
Spring Semester Finals: Flex Day,5/29/2014 0:00,5/30/2014 0:00,,,,,,,,
Spring Semester Finals: Flex Day,5/30/2014 0:00,5/31/2014 0:00,,,,,,,,
Graduation Weekend,6/6/2014 0:00,6/9/2014 0:00,,,,Stanford campus,,,,
Cross Country-Captains practice,6/16/2014 9:00,6/16/2014 10:00,,"FREQ=WEEKLY;UNTIL=20140620T130000Z;BYDAY=MO,TU,WE,TH,FR",,10 mile parking lot,,,,
Cross Country-Captains practice,6/23/2014 9:00,6/23/2014 10:00,,"FREQ=WEEKLY;UNTIL=20140812T235959Z;BYDAY=MO,TU,WE,TH,FR",,10 mile parking lot,,,,
Soccer-Captains Practice,6/23/2014 10:00,6/23/2014 12:00,,"FREQ=WEEKLY;UNTIL=20140731T140000Z;BYDAY=MO,TU,WE,TH",,HS practice fields,,,,
HS sports registration,8/4/2014 7:00,8/4/2014 9:00,,,,HS performance gym,,,,
HS sports registration,8/4/2014 11:00,8/4/2014 13:00,,,,HS performance gym,,,,
HS sports registration,8/5/2014 7:00,8/5/2014 9:00,,,,HS performance gym,,,,
HS sports registration,8/5/2014 11:00,8/5/2014 13:00,,,,HS performance gym,,,,
Cross Country Practice (Time Trial?),8/13/2014 8:00,8/13/2014 10:00,,,,,,,,
Cross Country Practice,8/13/2014 8:00,8/13/2014 10:00,,"FREQ=WEEKLY;UNTIL=20140821T120000Z;BYDAY=MO,TU,WE,TH,FR",,,,,,
HS soccer tryouts-conditioning,8/13/2014 9:00,8/13/2014 10:30,,FREQ=DAILY;UNTIL=20140815T130000Z,,HS practice fields,,,,
HS soccer tryouts,8/13/2014 15:00,8/13/2014 16:30,,FREQ=DAILY;UNTIL=20140815T190000Z,,,,,,
Cross Country Practice (Time Trial?),8/14/2014 8:00,8/14/2014 10:00,,,,,,,,
Cross Country Practice (Time Trial?),8/15/2014 8:00,8/15/2014 10:00,,,,,,,,
Cross Country Practice,8/22/2014 8:00,8/22/2014 12:00,,"FREQ=WEEKLY;UNTIL=20140822T120000Z;BYDAY=MO,TU,WE,TH,FR",,,,,,
Cross Country Practice,8/25/2014 8:00,8/25/2014 12:00,,"FREQ=WEEKLY;UNTIL=20140825T120000Z;BYDAY=MO,TU,WE,TH,FR",,,,,,
Cross Country Practice,8/26/2014 8:00,8/26/2014 12:00,,"FREQ=WEEKLY;UNTIL=20140826T120000Z;BYDAY=MO,TU,WE,TH,FR",,,,,,
Cross Country Practice,8/27/2014 8:00,8/27/2014 12:00,,"FREQ=WEEKLY;UNTIL=20140827T120000Z;BYDAY=MO,TU,WE,TH,FR",,,,,,
Cross Country Practice,8/28/2014 8:00,8/28/2014 12:00,,"FREQ=WEEKLY;UNTIL=20140828T120000Z;BYDAY=MO,TU,WE,TH,FR",,,,,,
Cross Country Practice,8/29/2014 8:00,8/29/2014 12:00,,"FREQ=WEEKLY;UNTIL=20140829T120000Z;BYDAY=MO,TU,WE,TH,FR",,,,,,
Cross Country Practice,9/1/2014 8:00,9/1/2014 12:00,,"FREQ=WEEKLY;UNTIL=20140902T120000Z;BYDAY=MO,TU,WE,TH,FR",,,,,,
Cross Country Practice,9/3/2014 8:00,9/3/2014 12:00,,"FREQ=WEEKLY;UNTIL=20141031T235959Z;BYDAY=MO,TU,WE,TH,FR",,,,,,
StrayMav Mod Con,2/19/2016 18:00,2/19/2016 19:00,,,,,,,,
Flight to Chicago,6/12/2016 5:28,6/12/2016 6:50,,United flight 413Detroit DTW 7:26am (local time) - Chicago ORD 7:35am (local time)Confirmation number: C73GS9 ,spfeig@gmail.com,Detroit DTW,,,,
Flight to San Francisco,6/12/2016 8:10,6/12/2016 12:40,,United flight 769Chicago ORD 9:25am (local time) - San Francisco SFO 11:49am (local time)Confirmation number: C73GS9 ,spfeig@gmail.com,Chicago ORD,,,,
Flight to Narita,6/15/2016 12:40,6/15/2016 23:10,,United flight 837San Francisco SFO 11:52am (local time) - Narita NRT 2:19pm (local time)Confirmation number: C73GS9 ,spfeig@gmail.com,San Francisco SFO,,,,
Web programing,8/12/2016 16:30,8/12/2016 17:30,,,,,,,,
Flight to Detroit,12/28/2016 10:20,12/28/2016 14:57,,Delta flight 2228Los Angeles LAX 10:00am (local time) - Detroit DTW 5:19pm (local time)Confirmation number: JNIRSD ,spfeig@gmail.com,Los Angeles LAX,,,,
Meadows concert,2/1/2017 16:00,2/1/2017 20:00,,,,MS Gym,,,,
Lang discussion,2/23/2017 4:30,2/23/2017 4:45,,,,,,,,
IB Talent Show (Tech),3/16/2017 15:00,3/16/2017 18:00,,,,HS,,,,
IB Talent Show (Tech),3/17/2017 15:00,3/17/2017 19:00,,,,HS,,,,
Tech Crew,5/13/2017 14:00,5/13/2017 16:00,,,,Shell Up,,,,
Tech Crew,5/18/2017 16:00,5/18/2017 18:00,,,,BOE,,,,
Tech Crew,5/19/2017 10:00,5/19/2017 11:00,,,,Shell Down,,,,
Flight to Toronto (AC 7360),5/24/2017 5:00,5/24/2017 6:08,,Air Canada flight 7360Detroit DTW 6:58am (local time) - Toronto YYZ 8:09am (local time)Confirmation number: SCDQUM ,spfeig@gmail.com,Detroit DTW,,,,
Flight to Montreal (AC 408),5/24/2017 9:00,5/24/2017 10:12,,Air Canada flight 408Toronto YYZ 10:53am (local time) - Montreal YUL 12:07pm (local time)Confirmation number: SCDQUM ,spfeig@gmail.com,Toronto YYZ,,,,
Flight to Shanghai (AC 17),5/24/2017 11:30,5/25/2017 1:25,,Air Canada flight 17Montreal YUL 1:24pm (local time) - Shanghai PVG 3:13pm (local time)Confirmation number: SCDQUM ,spfeig@gmail.com,Montreal YUL,,,,
Flight to Montreal (AC 18),5/25/2017 2:50,5/25/2017 16:15,,Air Canada flight 18Shanghai PVG 5:02pm (local time) - Montreal YUL 6:54pm (local time)Confirmation number: SCDQUM ,spfeig@gmail.com,Shanghai PVG,,,,
Flight to Toronto,5/25/2017 5:00,5/25/2017 6:08,,Air Canada flight 7360Detroit DTW 7:00am (local time) - Toronto YYZ 8:08am (local time) ,spfeig@gmail.com,Detroit DTW,,,,
Flight to Montreal,5/25/2017 9:00,5/25/2017 10:12,,Air Canada flight 408Toronto YYZ 11:00am (local time) - Montreal YUL 12:12pm (local time) ,spfeig@gmail.com,Toronto YYZ,,,,
Flight to Shanghai,5/25/2017 11:30,5/26/2017 1:25,,Air Canada flight 17Montreal YUL 1:30pm (local time) - Shanghai PVG 3:25pm (local time) ,spfeig@gmail.com,Montreal YUL,,,,
Flight to Montreal,5/26/2017 2:50,5/26/2017 16:15,,Air Canada flight 18Shanghai PVG 4:50pm (local time) - Montreal YUL 6:15pm (local time) ,spfeig@gmail.com,Shanghai PVG,,,,
Flight to Toronto (AC 481),6/4/2017 4:00,6/4/2017 5:19,,Air Canada flight 481Montreal YUL 5:49am (local time) - Toronto YYZ 7:10am (local time)Confirmation number: SCDQUM ,spfeig@gmail.com,Montreal YUL,,,,
Flight to Detroit (AC 7361),6/4/2017 6:50,6/4/2017 7:58,,Air Canada flight 7361Toronto YYZ 9:36am (local time) - Detroit DTW 10:42am (local time)Confirmation number: SCDQUM ,spfeig@gmail.com,Toronto YYZ,,,,
Flight to Toronto,6/6/2017 3:30,6/6/2017 4:49,,Air Canada flight 7561Montreal YUL 5:30am (local time) - Toronto YYZ 6:49am (local time) ,spfeig@gmail.com,Montreal YUL,,,,
Flight to Detroit,6/6/2017 6:50,6/6/2017 7:58,,Air Canada flight 7361Toronto YYZ 8:50am (local time) - Detroit DTW 9:58am (local time) ,spfeig@gmail.com,Toronto YYZ,,,,
Michigan Engineering North Campus Tour,6/19/2017 12:00,6/19/2017 13:00,,"Michigan Engineering North Campus Tour153 Chrysler Center, 2121 Bonisteel Blvd, Ann Arbor, MI, US, 48109Confirmation number: 626489733 ",spfeig@gmail.com,"153 Chrysler Center, 2121 Bonisteel Blvd, Ann Arbor, MI, US, 48109",,,,
Maggie Work,6/23/2017 5:00,6/23/2017 13:00,,,,,,,,
Maggie Work,6/24/2017 9:00,6/24/2017 15:00,,,,,,,,
Maggie Leaves,6/25/2017 12:00,6/25/2017 13:00,,,,,,,,
Kirsten and I started,7/25/2017 0:00,7/26/2017 0:00,,,,,,,,
Flight to Raleigh (DL 798),9/1/2017 8:05,9/1/2017 9:49,,Delta flight 798Detroit DTW 10:01am (local time) - Raleigh RDU 11:35am (local time)Confirmation number: HSBWFR ,spfeig@gmail.com,Detroit DTW,,,,
Flight to Detroit (DL 6251),9/3/2017 15:18,9/3/2017 17:08,,Delta flight 6251Raleigh RDU 5:08pm (local time) - Detroit DTW 6:47pm (local time)Confirmation number: HSBWFR ,spfeig@gmail.com,Raleigh RDU,,,,
Kirsten's half marathon,9/15/2017 0:00,9/17/2017 0:00,,,,Dayton,,,,
Japanese Club Christmas party,12/19/2017 12:00,12/19/2017 13:00,,,,,,,,
S&E in AA,1/10/2018 0:00,1/11/2018 0:00,,,,,,,,
Ready Player One,4/2/2018 17:40,4/2/2018 18:40,,"Ready Player OneEmagine Novi, Novi, Michigan, United States, 48377Confirmation number: WG3T5QL ",spfeig@gmail.com,"Emagine Novi, Novi, Michigan, United States, 48377",,,,
Stay at Residence Inn by Marriott Boulder Canyon Boulevard,4/6/2018 0:00,4/9/2018 0:00,,"Residence Inn by Marriott Boulder Canyon BoulevardBoulder+1303-577-7300Check-in: Apr 6, 2018 12:00amCheck-out: Apr 8, 2018 12:00am ",spfeig@gmail.com,"Residence Inn by Marriott Boulder Canyon Boulevard, Boulder",,,,
Avengers: Infinity War,5/11/2018 19:15,5/11/2018 20:15,,"Avengers: Infinity War44425 West 12 Mile Road, Novi, MI 48377Confirmation number: WRHXZX9 ",spfeig@gmail.com,"44425 West 12 Mile Road, Novi, MI 48377",,,,
Deadpool 2,5/27/2018 15:25,5/27/2018 16:25,,"Deadpool 244425 West 12 Mile Road, Novi, MI 48377Confirmation number: WQ6PNS5 ",spfeig@gmail.com,"44425 West 12 Mile Road, Novi, MI 48377",,,,
Flight to Seattle (DL 2048),6/30/2018 15:55,6/30/2018 20:53,,Delta flight 2048Detroit DTW 5:54pm (local time) - Seattle SEA 7:33pm (local time)Confirmation number: GS38CS ,spfeig@gmail.com,Detroit DTW,,,,
Flight to Vancouver (DL 2312),6/30/2018 22:05,6/30/2018 23:05,,Delta flight 2312Seattle SEA 9:19pm (local time) - Vancouver YVR 10:21pm (local time)Confirmation number: GS38CS ,spfeig@gmail.com,Seattle SEA,,,,
Flight to Seattle (DL 5815),7/8/2018 7:00,7/8/2018 8:00,,Delta flight 5815Vancouver YVR 6:00am (local time) - Seattle SEA 7:00am (local time)Confirmation number: GS38CS ,spfeig@gmail.com,Vancouver YVR,,,,
Flight to Detroit (DL 2785),7/8/2018 8:40,7/8/2018 12:55,,Delta flight 2785Seattle SEA 7:40am (local time) - Detroit DTW 2:55pm (local time)Confirmation number: GS38CS ,spfeig@gmail.com,Seattle SEA,,,,
Kirsten and I 1 Year Anniversary,7/25/2018 0:00,7/27/2018 0:00,,,,,,,,
MS Orchestra Concert - Tech,11/20/2018 17:30,11/20/2018 21:30,,,,Novi High School,,,,
Flight to Denver (DL 1854),11/24/2018 13:46,11/24/2018 17:15,,Delta flight 1854Detroit DTW 3:44pm (local time) - Denver DEN5:00pm (local time)Confirmation number: F6GMPR ,spfeig@gmail.com,Detroit DTW,,,,
Flight to Detroit (DL 2542),12/19/2018 16:59,12/19/2018 19:50,,Delta flight 2542Denver DEN 4:52pm (local time) - Detroit DTW9:34pm (local time)Confirmation number: GTT85X ,spfeig@gmail.com,Denver DEN,,,,
Flight to Denver (DL 2478),1/12/2019 13:45,1/12/2019 17:24,,Delta flight 2478Detroit DTW 3:45pm (local time) - Denver DEN5:24pm (local time)Confirmation number: GTT85X ,spfeig@gmail.com,Detroit DTW,,,,
Flight to Detroit (DL 2296),1/31/2019 12:09,1/31/2019 15:01,,Delta flight 2296Denver DEN 12:05pm (local time) - Detroit DTW 4:42pm (local time)Confirmation number: H2JYOR ,spfeig@gmail.com,Denver DEN,,,,
Flight to Amsterdam (DL 134),1/31/2019 16:23,2/1/2019 0:00,,Delta flight 134Detroit DTW 6:19pm (local time) - Amsterdam AMS 7:33am (local time)Confirmation number: H2JYOR ,spfeig@gmail.com,Detroit DTW,,,,
Flight to Detroit (DL 135),2/4/2019 3:10,2/4/2019 11:41,,Delta flight 135Amsterdam AMS 11:43am (local time) - Detroit DTW 2:20pm (local time)Confirmation number: H2JYOR ,spfeig@gmail.com,Amsterdam AMS,,,,
Flight to Denver (DL 2478),2/4/2019 13:45,2/4/2019 17:31,,Delta flight 2478Detroit DTW 3:45pm (local time) - Denver DEN5:11pm (local time)Confirmation number: H2JYOR ,spfeig@gmail.com,Detroit DTW,,,,
JPL Interview with Sam Feig,3/4/2019 15:00,3/4/2019 16:00,,This is a 1h slot for an interview with JPLJoin me now in my Personal Room.Join Webex meetinghttps://jpl.webex.com/join/elaasar | 908 866 544Join by phone+1-510-210-8882 USA TollAccess code: 908 866 544Global call-in numbers<https://jpl.webex.com/cmp3300/webcomponents/widget/globalcallin/globalcallin.do?siteurl=jpl&serviceType=MC&ED=721157&tollFree=0>Can't join the meeting?<https://collaborationhelp.cisco.com/article/WBX000029055> ,"Rouquette, Nicolas F (313D); spfeig@gmail.com; Wagner, David A (313D)",Webex,,,,
Captain Marvel (2019),3/16/2019 17:20,3/16/2019 18:20,,"Captain Marvel (2019)Century Boulder, Boulder, Colorado, United States, 80301Confirmation number: 4926967079909 ",spfeig@gmail.com,"Century Boulder, Boulder, Colorado, United States, 80301",,,,
Pit Cover Removal - Work,3/25/2019 12:00,3/25/2019 15:00,,,,,,,,
Blood Drive - Work,3/26/2019 4:00,3/26/2019 13:00,,,,HS,,,,
Blood Drive - Work,3/27/2019 4:00,3/27/2019 13:00,,,,HS,,,,
Start of Apartment Lease,5/10/2019 0:00,5/11/2019 0:00,,,,,,,,
Flight to Detroit (DL 1511),5/12/2019 11:45,5/12/2019 14:32,,Delta flight 1511Denver DEN 11:38am (local time) - Detroit DTW 4:21pm (local time)Confirmation number: G256BI ,spfeig@gmail.com,Denver DEN,,,,
Flight to Denver (DL 426),5/18/2019 10:25,5/18/2019 13:30,,Delta flight 426Detroit DTW 12:22pm (local time) - Denver DEN1:31pm (local time)Confirmation number: G256BI ,spfeig@gmail.com,Detroit DTW,,,,
Flight to Colorado Springs (UA 5599),5/18/2019 15:45,5/18/2019 16:30,,United flight 5599Denver DEN 3:44pm (local time) - Colorado Springs COS 4:28pm (local time)Confirmation number: RN464Y ,spfeig@gmail.com,Denver DEN,,,,
Rent Due,6/1/2019 0:00,6/2/2019 0:00,,FREQ=MONTHLY;UNTIL=20190930;BYMONTHDAY=1,,,,,,
Flight to Minneapolis (DL 2475),8/15/2019 16:42,8/15/2019 18:45,,Delta flight 2475Denver DEN 4:37pm (local time) - MinneapolisMSP 7:20pm (local time)Confirmation number: HZDCTM ,spfeig@gmail.com,Denver DEN,,,,
Flight to Grand Forks (DL 4115),8/15/2019 21:35,8/15/2019 22:52,,Delta flight 4115Minneapolis MSP 10:34pm (local time) - GrandForks GFK 11:42pm (local time)Confirmation number: HZDCTM ,spfeig@gmail.com,Minneapolis MSP,,,,
T851 Dep Meeting,8/19/2019 11:00,8/19/2019 12:00,,"+1 (781) 271-2020,,93261240#+1 (703) 983-2020,,93261240#Conference ID: 93261240345810 ",,Skype,,,,
Flight to Minneapolis (DL 3538),8/19/2019 16:16,8/19/2019 17:34,,Delta flight 3538Grand Forks GFK 5:12pm (local time) - Minneapolis MSP 6:13pm (local time)Confirmation number: HZDCTM ,spfeig@gmail.com,Grand Forks GFK,,,,
Flight to Denver (DL 326),8/19/2019 19:39,8/19/2019 21:55,,Delta flight 326Minneapolis MSP 8:39pm (local time) - Denver DEN 9:41pm (local time)Confirmation number: HZDCTM ,spfeig@gmail.com,Minneapolis MSP,,,,
End of Apartment Lease,8/24/2019 0:00,8/25/2019 0:00,,,,,,,,
"Feig, Samuel -- L3Harris Corporation - Request for Phone Interview",10/29/2019 11:00,10/29/2019 12:00,,"Hello SamuelI am helping Mr McDonald coordinate our recruiting team’s phone interviews.  I have scheduled one of our software engineers Diego Reano to contact you via an audio-only Skype conference call.   You do not need to use the Skype app to participate.  As described below, you simply just have to dial 321-674-4444 and enter 4159761# when prompted for aconference ID.  Good luck.Diego:\\\\Gs.myharris.net\\data\\General\CG_PI\\2019-2020<file://Gs.myharris.net/data/General/NCG_PI/2019-2020> Candidates\\Feig, Samuel.........................................................................................................................................Join Skype Meeting<https://meet.harris.com/yan/2SR41Z2C>Trouble Joining? Try Skype Web App<https://meet.harris.com/yan/2SR41Z2C?sl=1>Join by phone321-674-4444,,4159761# (Melbourne)                    English (United States)855-324-3347,,4159761# (Melbourne)        English (United States)Find a local number<https://dialin.harris.com?id=4159761>Conference ID: 4159761Forgot your dial-in PIN?<https://dialin.harris.com> |Help<https://share.harris.com/sites/SfB/SitePages/Home.aspx>[https://media-assets.harris.com/Lync/L3Harris_logo_tm_188x33.png]If you are having trouble joining this meeting, try joiningvia the Web browser by clicking the Try Skype Web App"" link above instead.To ensure the best meeting experience", external meeting participants should dial into Skype meetings using the conference number and ID that canbe found in this meeting invite. By default, anonymous (non-L3Harris) meeting participants are joined to Skype meetings using integrated audio (PC microphone/speaker or headset).For security reasons," the Skype ""call meat feature"" has been disabled by policy for external meeting participants.[!OC([1033])!]......................................................................................................................................... ""","Calica, Gregory; McDonald, Jason; Reano, Diego; spfeig@gmail.com",Skype,
Flight to Tucson (UA 5678),11/25/2019 15:41,11/25/2019 17:49,,United Airlines flight 5678Denver DEN 3:41pm (local time) - Tucson TUS 5:49pm (local time)Confirmation number: I329E9 ,spfeig@gmail.com,Denver DEN,,,,
Flight to Denver (UA 4630),11/30/2019 10:37,11/30/2019 12:42,,United Airlines flight 4630Tucson TUS 10:37am (local time) - Denver DEN 12:42pm (local time)Confirmation number: I329E9 ,spfeig@gmail.com,Tucson TUS,,,,
APPM 1360 WebAssign Ch 5 Review Due,8/31/2018 0:00,9/1/2018 0:00,,,,,,,,
PHYS 1110 Flip-It 1 Due,8/31/2018 8:00,12/31/1969 17:00,,,,,,,,
APPM 1360 WebAssign Ch 6.1 Due,9/3/2018 0:00,9/4/2018 0:00,,,,,,,,
APPM 1360 HW01 Due,9/4/2018 0:00,9/5/2018 0:00,,,,,,,,
Mastering Physics HW Due,9/4/2018 0:00,9/5/2018 0:00,,FREQ=WEEKLY;UNTIL=20181008;BYDAY=TU,,At 8PM,,,,
APPM 1360 WebAssign Ch 6.2a Due,9/5/2018 0:00,9/6/2018 0:00,,,,,,,,
APPM 1360 WebAssign Ch 6.2b Due,9/7/2018 0:00,9/8/2018 0:00,,,,,,,,
Submit in class activity CSCI 2275,9/7/2018 0:00,9/8/2018 0:00,,,,,,,,
CSCI 1000 Life Essay Due,9/10/2018 0:00,9/11/2018 0:00,,https://moodle.cs.colorado.edu/mod/assign/view.php?id=28174 ,,,,,,
APPM 1360 WebAssign Ch 6.3a Due,9/10/2018 0:00,9/11/2018 0:00,,,,,,,,
APPM 1360 HW02 Due,9/11/2018 0:00,9/12/2018 0:00,,,,,,,,
APPM 1360 WebAssign Ch 6.3b Due,9/12/2018 0:00,9/13/2018 0:00,,,,,,,,
PHYS 1110 Flip-It 2 Due,9/12/2018 8:00,12/31/1969 17:00,,,,,,,,
APPM 1360 WebAssign Ch 6.5 Due,9/14/2018 0:00,9/15/2018 0:00,,,,,,,,
CSCI 1000 Activity Report 1 Due,9/17/2018 0:00,9/18/2018 0:00,,https://moodle.cs.colorado.edu/mod/assign/view.php?id=28175 ,,,,,,
APPM 1360 WebAssign Ch 6.6a Due,9/17/2018 0:00,9/18/2018 0:00,,,,,,,,
PHYS 1110 Flip-It 3 Due,9/17/2018 8:00,12/31/1969 17:00,,,,,,,,
APPM 1360 HW03 Due,9/18/2018 0:00,9/19/2018 0:00,,,,,,,,
APPM 1360 WebAssign Ch 6.6b Due,9/19/2018 0:00,9/20/2018 0:00,,,,,,,,
PHYS 1110 Flip-It 4 Due,9/19/2018 8:00,12/31/1969 17:00,,,,,,,,
APPM 1360 WebAssign Ch 7.2/7.2a Due,9/21/2018 0:00,9/22/2018 0:00,,,,,,,,
APPM 1360 WebAssign Ch 7.2b Due,9/24/2018 0:00,9/25/2018 0:00,,,,,,,,
PHYS 1110 Flip-It 5 Due,9/24/2018 8:00,12/31/1969 17:00,,,,,,,,
APPM 1360 HW04 Due,9/25/2018 0:00,9/26/2018 0:00,,,,,,,,
CSCI 2275 Assignment 3 Due,9/26/2018 0:00,9/27/2018 0:00,,,,,,,,
Assignment 2 Interview Grading,9/26/2018 10:40,9/26/2018 10:50,,,,ECCS 112,,,,
APPM 1360 WebAssign Ch 7.2c/7.3a Due,9/28/2018 0:00,9/29/2018 0:00,,,,,,,,
PHYS 1110 Flip-It 6 Due,9/28/2018 8:00,12/31/1969 17:00,,,,,,,,
CSCI 1000 Group Activity Report 1 Due,10/1/2018 0:00,10/2/2018 0:00,,https://moodle.cs.colorado.edu/mod/assign/view.php?id=28178 ,,,,,,
APPM 1360 WebAssign Ch 7.3b Due,10/1/2018 0:00,10/2/2018 0:00,,,,,,,,
APPM 1360 HW05 Due,10/2/2018 0:00,10/3/2018 0:00,,,,,,,,
APPM 1360 WebAssign Ch 7.4 Due,10/3/2018 0:00,10/4/2018 0:00,,,,,,,,
CSCI 2275 Assignment 4 Due,10/3/2018 0:00,10/4/2018 0:00,,,,,,,,
APPM 1360 WebAssign Ch 7.5 Due,10/5/2018 0:00,10/6/2018 0:00,,,,,,,,
PHYS 1110 Flip-It 7 Due,10/5/2018 8:00,12/31/1969 17:00,,,,,,,,
APPM 1360 WebAssign Ch 7.6a Due,10/8/2018 0:00,10/9/2018 0:00,,,,,,,,
APPM 1360 HW06 Due,10/9/2018 0:00,10/10/2018 0:00,,,,,,,,
EHON 1151 Thought Project 1 Due,10/9/2018 0:00,10/10/2018 0:00,,,,,,,,
APPM 1360 WebAssign Ch 7.6b/7.7 Due,10/10/2018 0:00,10/11/2018 0:00,,,,,,,,
Mastering Physics HW Due,10/10/2018 0:00,10/11/2018 0:00,,FREQ=WEEKLY;UNTIL=20181212;BYDAY=WE,,At 8AM,,,,
PHYS 1110 Flip-It 8 Due,10/10/2018 8:00,12/31/1969 17:00,,,,,,,,
APPM 1360 WebAssign Ch 8.1a Due,10/12/2018 0:00,10/13/2018 0:00,,,,,,,,
PHYS 1110 Flip-It 9 Due,10/12/2018 8:00,12/31/1969 17:00,,,,,,,,
CSCI 1000 Activity Report 2 Due,10/15/2018 0:00,10/16/2018 0:00,,https://moodle.cs.colorado.edu/mod/assign/view.php?id=28180 ,,,,,,
APPM 1360 WebAssign Ch 8.1b Due,10/15/2018 0:00,10/16/2018 0:00,,,,,,,,
APPM 1360 HW07 Due,10/16/2018 0:00,10/17/2018 0:00,,,,,,,,
APPM 1360 WebAssign Ch 8.2a Due,10/17/2018 0:00,10/18/2018 0:00,,,,,,,,
APPM 1360 WebAssign Ch 8.2b Due,10/19/2018 0:00,10/20/2018 0:00,,,,,,,,
CSCI 2275 Assignment 6 Due,10/21/2018 0:00,10/22/2018 0:00,,,,Due at 5PM,,,,
APPM 1360 WebAssign Ch 8.3a Due,10/22/2018 0:00,10/23/2018 0:00,,,,,,,,
CSCI 1000 Virtual Poster Due,10/22/2018 0:00,10/23/2018 0:00,,https://moodle.cs.colorado.edu/mod/page/view.php?id=28181 ,,,,,,
PHYS 1110 Flip-It 10 Due,10/22/2018 8:00,12/31/1969 17:00,,,,,,,,
CSCI 1000 Summary Poster Feedback Due,10/23/2018 0:00,10/24/2018 0:00,,https://moodle.cs.colorado.edu/mod/assign/view.php?id=28182 ,,,,,,
APPM 1360 HW08 Due,10/23/2018 0:00,10/24/2018 0:00,,,,,,,,
APPM 1360 WebAssign Ch 8.3b Due,10/26/2018 0:00,10/27/2018 0:00,,,,,,,,
APPM 1360 WebAssign Ch 8.4a Due,10/29/2018 0:00,10/30/2018 0:00,,,,,,,,
Assignment 6 Interview Grading,10/29/2018 13:00,10/29/2018 13:15,,,,ECCS 102,,,,
APPM 1360 HW09 Due,10/30/2018 0:00,10/31/2018 0:00,,,,,,,,
APPM 1360 WebAssign Ch 8.4b Due,10/31/2018 0:00,11/1/2018 0:00,,,,,,,,
PHYS 1110 Flip-It 11 Due,10/31/2018 8:00,12/31/1969 17:00,,,,,,,,
APPM 1360 WebAssign Ch 8.5a Due,11/2/2018 0:00,11/3/2018 0:00,,,,,,,,
PHYS 1110 Flip-It 12 Due,11/2/2018 8:00,12/31/1969 17:00,,,,,,,,
APPM 1360 WebAssign Ch 8.5b Due,11/5/2018 0:00,11/6/2018 0:00,,,,,,,,
CSCI 1000 Group Activity Report 2 Due,11/5/2018 0:00,11/6/2018 0:00,,https://moodle.cs.colorado.edu/mod/assign/view.php?id=28183 ,,,,,,
PHYS 1110 Flip-It 13 Due,11/5/2018 8:00,12/31/1969 17:00,,,,,,,,
APPM 1360 HW10 Due,11/6/2018 0:00,11/7/2018 0:00,,,,,,,,
APPM 1360 WebAssign Ch 8.6a Due,11/7/2018 0:00,11/8/2018 0:00,,,,,,,,
APPM 1360 WebAssign Ch 8.6b/8.7a Due,11/9/2018 0:00,11/10/2018 0:00,,,,,,,,
PHYS 1110 Flip-It 14 Due,11/9/2018 8:00,12/31/1969 17:00,,,,,,,,
APPM 1360 WebAssign Ch 8.7b Due,11/12/2018 0:00,11/13/2018 0:00,,,,,,,,
PHYS 1110 Flip-It 15 Due,11/12/2018 8:00,12/31/1969 17:00,,,,,,,,
APPM 1360 HW11 Due,11/13/2018 0:00,11/14/2018 0:00,,,,,,,,
APPM 1360 WebAssign Ch 8.7c Due,11/14/2018 0:00,11/15/2018 0:00,,,,,,,,
PHYS 1110 Flip-It 16 Due,11/14/2018 8:00,12/31/1969 17:00,,,,,,,,
APPM 1360 WebAssign Ch 8.8 Due,11/16/2018 0:00,11/17/2018 0:00,,,,,,,,
PHYS 1110 Flip-It 17 Due,11/16/2018 8:00,12/31/1969 17:00,,,,,,,,
APPM 1360 WebAssign Ch 9.1 Due,11/26/2018 0:00,11/27/2018 0:00,,,,,,,,
CSCI 1000 Activity Report 3 Due,11/26/2018 0:00,11/27/2018 0:00,,https://moodle.cs.colorado.edu/mod/assign/view.php?id=28185 ,,,,,,
PHYS 1110 Flip-It 18 Due,11/26/2018 8:00,12/31/1969 17:00,,,,,,,,
APPM 1360 HW12 Due,11/27/2018 0:00,11/28/2018 0:00,,,,,,,,
APPM 1360 WebAssign Ch 9.2a Due,11/30/2018 0:00,12/1/2018 0:00,,,,,,,,
APPM 1360 WebAssign Ch 9.2b Due,12/3/2018 0:00,12/4/2018 0:00,,,,,,,,
PHYS 1110 Flip-It 19 Due,12/3/2018 8:00,12/31/1969 17:00,,,,,,,,
APPM 1360 HW13 Due,12/4/2018 0:00,12/5/2018 0:00,,,,,,,,
APPM 1360 WebAssign Ch 9.3a Due,12/5/2018 0:00,12/6/2018 0:00,,,,,,,,
APPM 1360 WebAssign Ch 9.3b Due,12/7/2018 0:00,12/8/2018 0:00,,,,,,,,
Send Prashil project update email,12/9/2018 0:00,12/10/2018 0:00,,,,,,,,
APPM 1360 WebAssign Ch 9.4a Due,12/10/2018 0:00,12/11/2018 0:00,,,,,,,,
CSCI 1000 Group Activity Report 3 Due,12/10/2018 0:00,12/11/2018 0:00,,https://moodle.cs.colorado.edu/mod/assign/view.php?id=28187 ,,,,,,
PHYS 1110 Flip-It 20 Due,12/10/2018 8:00,12/31/1969 17:00,,,,,,,,
APPM 1360 HW14 Due,12/11/2018 0:00,12/12/2018 0:00,,,,,,,,
APPM 1360 WebAssign Ch 9.4b/Conics Due,12/12/2018 0:00,12/13/2018 0:00,,,,,,,,
CSCI 2275 Final Project Presentations,12/12/2018 11:00,12/12/2018 13:00,,"OverviewBrief Description of data structures usedDescription of dataset put into itResults (Graph of performance, demonstration, etc)5-7 minutes ",,,,,,
CSCI Virtual Poster Presentation Due,12/17/2018 0:00,12/18/2018 0:00,,https://moodle.cs.colorado.edu/mod/page/view.php?id=28189 ,,,,,,
EHON 1151 Thought Project 4 Due,12/18/2018 0:00,12/19/2018 0:00,,,,Due at 5PM,,,,
CSCI 1000 Summary of Poster Feedback Due,12/18/2018 0:00,12/19/2018 0:00,,https://moodle.cs.colorado.edu/mod/assign/view.php?id=28190 ,,,,,,
Red Book HW Due,1/22/2019 0:00,1/23/2019 0:00,,FREQ=WEEKLY;UNTIL=20190430;BYDAY=TU,,By Recitation,,,,
CSCI 2824 Moodle Quizlet Due,1/23/2019 0:00,1/24/2019 0:00,,,,,,,,
Mastering Physics Due,1/23/2019 0:00,1/24/2019 0:00,,FREQ=WEEKLY;UNTIL=20190123;BYDAY=WE,,By 8PM,,,,
Data Lab Due,1/27/2019 0:00,1/28/2019 0:00,,,,,,,,
HUEN 1010 Prep for Quiz 1,1/28/2019 0:00,1/29/2019 0:00,,https://ambrosia.pwrfaculty.org/1010.quiz1.studyguide.docx ,,,,,,
HUEN 1010 Read 'Fear of Determinism',1/28/2019 0:00,1/29/2019 0:00,,https://ambrosia.pwrfaculty.org/determinism.pdf ,,,,,,
PHYS 1140 PreLab Due,1/29/2019 0:00,1/30/2019 0:00,,FREQ=WEEKLY;UNTIL=20190423;BYDAY=TU,,,,,,
Red Book HW Due,1/29/2019 0:00,1/30/2019 0:00,,,,p83-86,,,,
HUEN 1010 Watch Slideshow,1/30/2019 0:00,1/31/2019 0:00,,https://ambrosia.pwrfaculty.org/DETERMINISM.3_CLIPSb.pptxExplain Every term on the sheet:https://ambrosia.pwrfaculty.org/FWDETCOMP.docx ,,,,,,
Mastering Physics Due,1/30/2019 0:00,1/31/2019 0:00,,FREQ=WEEKLY;UNTIL=20190501;BYDAY=WE,,By 8PM,,,,
CSCI 2824 Homework Due,2/1/2019 0:00,2/2/2019 0:00,,FREQ=WEEKLY;UNTIL=20190503;BYDAY=FR,,,,,,
CSCI 2824 Homework Due,2/1/2019 0:00,2/2/2019 0:00,,FREQ=WEEKLY;UNTIL=20190418;BYDAY=FR,,,,,,
CSCI 2824 Homework Due,2/1/2019 0:00,2/2/2019 0:00,,FREQ=WEEKLY;UNTIL=20190412;BYDAY=FR,,,,,,
HUEN 1010 Read About Jung,2/1/2019 0:00,2/2/2019 0:00,,https://en.wikipedia.org/wiki/Oedipus_complexhttps://ambrosia.pwrfaculty.org/intro.jung.docx ,,,,,,
CSCI 2824 Homework Due,2/1/2019 0:00,2/2/2019 0:00,,FREQ=WEEKLY;UNTIL=20190321;BYDAY=FR,,,,,,
HUEN 1010 Explication Email for Momento,2/3/2019 0:00,2/4/2019 0:00,,,,,,,,
HUEN 1010 Memento Writing Assignment,2/4/2019 0:00,2/5/2019 0:00,,https://ambrosia.pwrfaculty.org/memento.word.doc ,,,,,,
PHYS 1120 FlipItPhysics Due,2/4/2019 0:00,2/5/2019 0:00,,,,,,,,
Red Book HW Due,2/5/2019 0:00,2/6/2019 0:00,,,,p87-89,,,,
CSCI 2400 QUIZ/TEST,2/6/2019 18:00,2/6/2019 19:00,,,,,,,,
CSCI 2824 Homework Due,2/7/2019 17:00,2/8/2019 17:00,,,,,,,,
HUEN 1010 Prepare for Discussion,2/8/2019 0:00,2/9/2019 0:00,,,,,,,,
PHYS 1120 FlipItPhysics Due,2/8/2019 0:00,2/9/2019 0:00,,,,,,,,
CSCI 2824 Homework Due,2/9/2019 12:00,12/31/1969 17:00,,,,,,,,
CSCI 2824 Moodle Quiz,2/11/2019 0:00,2/12/2019 0:00,,,,,,,,
HUEN 1010 Print & Read 'Art of Persuasion',2/11/2019 0:00,2/12/2019 0:00,,https://ambrosia.pwrfaculty.org/form.docList Key Elements of Persuasive EssayPrint UROP Sheet & Schema Sheethttps://ambrosia.pwrfaculty.org/urop.dochttps://ambrosia.pwrfaculty.org/schema.doc ,,,,,,
Red Book HW Due,2/12/2019 0:00,2/13/2019 0:00,,,,p91-92,,,,
PHYS 1120 FlipItPhysics Due,2/13/2019 0:00,2/14/2019 0:00,,,,,,,,
HUEN 1010 Read 'Re-Evaluation of Homer's Achilles',2/13/2019 0:00,2/14/2019 0:00,,https://ambrosia.pwrfaculty.org/schiller.achilles.docDo Schiller Assignment ,,,,,,
HUEN 1010 Read Hesiod's 'Theogony',2/15/2019 0:00,2/16/2019 0:00,,"https://ambrosia.pwrfaculty.org/hes.discuss.docTheogony"" lines 1-223", 459-634," 881-926""Works and Days"" lines 1-212 """,,,,
Bomb Lab Due,2/17/2019 0:00,2/18/2019 0:00,,,,,,,,
HUEN 1010 Print & Read 'Genesis',2/18/2019 0:00,2/19/2019 0:00,,Chapters 1-3https://ambrosia.pwrfaculty.org/genesis.pdfNoteParallels between Genesis and Hesiod ,,,,,,
HUEN 1010 Prepare for Quiz 2,2/18/2019 0:00,2/19/2019 0:00,,https://ambrosia.pwrfaculty.org/1010.quiz2.studyguide.docx ,,,,,,
PHYS 1120 FlipItPhysics Due,2/18/2019 0:00,2/19/2019 0:00,,,,,,,,
Red Book HW Due,2/19/2019 0:00,2/20/2019 0:00,,,,p93-96,,,,
HUEN 1010 Watch 'Fabric of the Cosmos Part 4',2/20/2019 0:00,2/21/2019 0:00,,https://ambrosia.pwrfaculty.org/fabric.part4.discuss.dochttps://www.youtube.com/watch?v=Th4KJ7YL158Slideshow:https://ambrosia.pwrfaculty.org/double_slit.pptx ,,,,,,
HUEN 1010 Read Essays,2/22/2019 0:00,2/23/2019 0:00,,"Anonymous Critique of Industry and Technology"" and ""Why the Future Doesn't Need US""https://ambrosia.pwrfaculty.org/anonymous.pdf """,,,,,,
HUEN 1010 Bring Types Copy of FSP Outline,2/25/2019 0:00,2/26/2019 0:00,,https://en.wikipedia.org/wiki/Project_MKUltraListen to:http://www.npr.org/2017/08/22/545122205/fbi-profiler-says-linguistic-work-was-pivotal-in-capture-of-unabomber ,,,,,,
Red Book HW Due,2/26/2019 0:00,2/27/2019 0:00,,,,p97-98,,,,
PHYS 1120 FlipItPhysics Due,2/27/2019 0:00,2/28/2019 0:00,,,,,,,,
HUEN 1010 Watch Videos,2/27/2019 0:00,2/28/2019 0:00,,https://www.youtube.com/watch?v=awAMTQZmvPEhttps://www.youtube.com/watch?v=H6LEcM0E0iohttps://www.youtube.com/watch?v=g5k6Sj3UY4Qhttps://www.nytimes.com/2012/02/19/books/review/how-an-egyptian-revolution-began-on-facebook.htmlhttps://www.nytimes.com/2018/10/15/technology/myanmar-facebook-genocide.html ,,,,,,
PHYS 1120 FlipItPhysics Due,3/1/2019 0:00,3/2/2019 0:00,,,,,,,,
HUEN 1010 Print 'Contextualizing the Odyssey',3/1/2019 0:00,3/2/2019 0:00,,https://ambrosia.pwrfaculty.org/odyss.contextshort.doc ,,,,,,
HUEN 1010 Read Odyssey Book 1-4,3/4/2019 0:00,3/5/2019 0:00,,"1 & 4 in text, 2-3 in synopsishttps://ambrosia.pwrfaculty.org/odyssey.synopsis.pdfhttps://ambrosia.pwrfaculty.org/odyss.discuss.doc ",,,,,,
PHYS 1120 FlipItPhysics Due,3/4/2019 0:00,3/5/2019 0:00,,,,,,,,
Red Book HW Due,3/5/2019 0:00,3/6/2019 0:00,,,,p99-102,,,,
HUEN 1010 Read Odyssey Books 5-8,3/6/2019 0:00,3/7/2019 0:00,,https://ambrosia.pwrfaculty.org/odyss.discuss.doc ,,,,,,
HUEN 1010 Explication Email Odyssey,3/7/2019 0:00,3/8/2019 0:00,,,,,,,,
PHYS 1120 FlipItPhysics Due,3/8/2019 0:00,3/9/2019 0:00,,,,,,,,
Attack Lab Due,3/10/2019 0:00,3/11/2019 0:00,,,,,,,,
PHYS 1120 FlipItPhysics Due,3/11/2019 0:00,3/12/2019 0:00,,,,,,,,
Red Book HW Due,3/12/2019 0:00,3/13/2019 0:00,,,,p103-108,,,,
PHYS 1120 FlipItPhysics Due,3/13/2019 0:00,3/14/2019 0:00,,,,,,,,
HUEN 1010 Read Odyssey Books 13-18,3/15/2019 0:00,3/16/2019 0:00,,"Synopsis of books 15-16, rest in text ",,,,,,
CSCI 2824 Homework Due,3/16/2019 0:00,3/17/2019 0:00,,,,,,,,
HUEN 1010 Explication Email about Odyssey,3/17/2019 0:00,3/18/2019 0:00,,,,,,,,
HUEN 1010 Read Odyssey Books 19-24,3/18/2019 0:00,3/19/2019 0:00,,"Synopsis book 20, rest in text ",,,,,,
HUEN 1010 Bring FSP to Class,3/18/2019 0:00,3/19/2019 0:00,,Prep for Discussion of Odyssey ,,,,,,
Red Book HW Due,3/19/2019 0:00,3/20/2019 0:00,,,,p111-112,,,,
PHYS 1120 FlipItPhysics Due,3/20/2019 0:00,3/21/2019 0:00,,,,,,,,
PHYS 1120 FlipItPhysics Due,3/22/2019 0:00,3/23/2019 0:00,,,,,,,,
HUEN 1010 Prepare for Quiz 3,3/22/2019 0:00,3/23/2019 0:00,,https://ambrosia.pwrfaculty.org/1010.quiz3.studyguide.docx ,,,,,,
Red Book HW Due,4/2/2019 0:00,4/3/2019 0:00,,,,p113-114,,,,
PHYS 1120 FlipItPhysics Due,4/3/2019 0:00,4/4/2019 0:00,,,,,,,,
Performance Lab Due,4/4/2019 0:00,4/5/2019 0:00,,,,,,,,
PHYS 1120 FlipItPhysics Due,4/5/2019 0:00,4/6/2019 0:00,,,,,,,,
HUEN 1010 Bring Copy Of SSP Outline to Class,4/5/2019 0:00,4/6/2019 0:00,,Watch Blade Runner 2049https://ambrosia.pwrfaculty.org/br.doc ,,,,,,
Red Book HW Due,4/9/2019 0:00,4/10/2019 0:00,,,,p115-116,,,,
PHYS 1120 FlipItPhysics Due,4/12/2019 0:00,4/13/2019 0:00,,,,,,,,
CSCI 2824 Homework Due,4/13/2019 0:00,4/14/2019 0:00,,,,,,,,
PHYS 1120 FlipItPhysics Due,4/15/2019 0:00,4/16/2019 0:00,,,,,,,,
Red Book HW Due,4/16/2019 0:00,4/17/2019 0:00,,,,p117-118,,,,
PHYS 1120 FlipItPhysics Due,4/17/2019 0:00,4/18/2019 0:00,,,,,,,,
PHYS 1120 FlipItPhysics Due,4/19/2019 0:00,4/20/2019 0:00,,,,,,,,
PHYS 1120 FlipItPhysics Due,4/22/2019 0:00,4/23/2019 0:00,,,,,,,,
Red Book HW Due,4/23/2019 0:00,4/24/2019 0:00,,,,p133-134,,,,
PHYS 1120 FlipItPhysics Due,4/24/2019 0:00,4/25/2019 0:00,,,,,,,,
PHYS 1120 FlipItPhysics Due,4/26/2019 0:00,4/27/2019 0:00,,,,,,,,
Shell Lab Due,4/28/2019 0:00,4/29/2019 0:00,,,,,,,,
Red Book HW Due,4/30/2019 0:00,5/1/2019 0:00,,,,p147-148,,,,
HUEN 1010 SSP Essay Due By Email,5/6/2019 17:00,12/31/1969 17:00,,,,,,,,
Algorithms HW Due,9/9/2019 0:00,9/10/2019 0:00,,"FREQ=WEEKLY;WKST=SU;UNTIL=20190922;BYDAY=MO,WE",,,,,,
Phil 2240 HW Due,9/9/2019 0:00,9/10/2019 0:00,,Due midnight FREQ=WEEKLY;UNTIL=20191220,,,,,,
Linear HW Due,9/13/2019 0:00,9/14/2019 0:00,,FREQ=WEEKLY;WKST=SU;UNTIL=20191213;BYDAY=FR,,,,,,
COMM 3620 HW Due,9/16/2019 0:00,9/17/2019 0:00,,FREQ=WEEKLY;WKST=SU;UNTIL=20191214;BYDAY=MO,,,,,,
Algorithms HW Due,9/17/2019 0:00,9/18/2019 0:00,,,,,,,,
Algorithms HW Due,9/19/2019 0:00,9/20/2019 0:00,,,,,,,,
Algorithms HW Due,9/24/2019 0:00,9/25/2019 0:00,,"FREQ=WEEKLY;WKST=SU;UNTIL=20190924;BYDAY=MO,WE",,,,,,
Algorithms HW Due,9/26/2019 0:00,9/27/2019 0:00,,"FREQ=WEEKLY;WKST=SU;UNTIL=20190929;BYDAY=MO,WE",,,,,,
Project Milestone 1 Due,9/27/2019 0:00,9/28/2019 0:00,,,,,,,,
Algorithms HW Due,10/1/2019 0:00,10/2/2019 0:00,,"FREQ=WEEKLY;WKST=SU;UNTIL=20191001;BYDAY=TH,TU",,,,,,
Algorithms HW Due,10/3/2019 0:00,10/4/2019 0:00,,"FREQ=WEEKLY;WKST=SU;UNTIL=20191015;BYDAY=MO,WE",,,,,,
Finish Soft Dev Project + HW,10/9/2019 0:00,10/10/2019 0:00,,,,,,,,
Algorithms HW Due,10/12/2019 0:00,10/13/2019 0:00,,,,,,,,
Algorithms HW Due,10/17/2019 0:00,10/18/2019 0:00,,"FREQ=WEEKLY;WKST=SU;UNTIL=20191213;BYDAY=TH,TU",,,,,,
Sam Feig initial advising meeting,6/15/2018 10:15,6/15/2018 11:00,,"Hi there,Carrie Sadler is inviting you to a scheduled Zoommeeting.Join from PC, Mac, Linux, iOS or Android: https://cuboulder.zoom.us/j/489373159Or iPhone one-tap :    US: +16699006833,,489373159#  or +16465588656,,489373159#Or Telephone:    Dial(for higher quality, dial a number based on your current location):        US: +1 669 900 6833  or +1 646 558 8656    Meeting ID: 489 373 159    Internationalnumbers available: https://zoom.us/u/buFAa4UHiOr an H.323/SIP room system:    H.323:        162.255.37.11 (US West)        162.255.36.11 (US East)        221.122.88.195 (China)        115.114.131.7 (India)   213.19.144.110 (EMEA)        202.177.207.158 (Australia)        209.9.211.110 (Hong Kong)        64.211.144.160 (Brazil)        69.174.57.160 (Canada)    Meeting ID: 489 373 159    SIP: 489373159@zoomcrc.com<mailto:489373159@zoomcrc.com> ",safe9522@colorado.edu,https://cuboulder.zoom.us/j/489373159,,,,
Bystander training,8/24/2018 13:00,8/24/2018 14:00,,,,,,,,
First day of class CU,8/27/2018 0:00,8/28/2018 0:00,,,,,,,,
Career Development - Google “Welcome Back” Info Table,9/4/2018 11:00,9/4/2018 14:00,,RSVP @ bit.ly/2MLdJet ,,Engineering Lobby,,,,
Career Development - Google Technical Resume Workshop,9/4/2018 17:30,9/4/2018 19:00,,RSVP @ bit.ly/2BFbLbs ,,ECCR 245,,,,
Career Development - JPL Show & Tech,9/4/2018 19:00,9/4/2018 20:30,,,,ECCR 200,,,,
CU Class Add Deadline,9/5/2018 0:00,9/6/2018 0:00,,,,,,,,
Career Development - Google Building Your Technical Career,9/5/2018 17:30,9/5/2018 19:00,,RSVP @ bit.ly/2BIwmeC ,,ECCR 200,,,,
Computer Science Ice Cream Social,9/6/2018 15:00,9/6/2018 17:00,,,,ECCS 128,,,,
Career Development - The Aerospace Corporation Show & Tech,9/6/2018 19:00,9/6/2018 20:30,,,,ECCR 245,,,,
Print Resume @ Kitt Central,9/7/2018 10:00,9/7/2018 11:00,,,,,,,,
Cyber security Club meeting,9/10/2018 18:00,9/10/2018 19:00,,,,ECCR 265,,,,
CU Class Drop Deadline,9/12/2018 0:00,9/13/2018 0:00,,,,,,,,
Andrews hall council meeting,9/12/2018 20:00,9/12/2018 21:00,,,,N103,,,,
Apple Career Faire,9/13/2018 9:00,9/13/2018 13:00,,"Bring resume copies, dress casually.RSVP: https://applecorp.avature.net/ucbnetworking ",,"Idea Forge, Boulder, CO 80305, USA",,,,
Technical Resumes 101,9/13/2018 17:15,9/13/2018 18:15,,,,DLC,,,,
Cybersecurity Club CSAW CTF,9/15/2018 15:00,9/15/2018 17:00,,,,DLC 1B20,,,,
CSCI 1000 Class Hike,9/16/2018 14:00,9/16/2018 16:00,,"Meet on South terrace of the UMC, 2:00 PM, Sunday, September16.(or meet the group at the Chautauqua Ranger Cottage at 2:30\; coordinate via Clayton's mobile, 303 349 2867.) ",,"University Memorial Center, Boulder, CO 80302, USA",,,,
ASV Connect mini Aerospace Career Faire,9/17/2018 17:00,9/17/2018 20:00,,Bring resume ,,"University Memorial Center (UMC), Glenn Miller Ballroom",,,,
Career Development - Technical Resume Critiques,9/18/2018 11:00,9/18/2018 15:30,,,,DLC Collaboratory,,,,
Ball Aerospace Tour,9/20/2018 15:00,9/20/2018 18:00,,,,"http://www.google.com/maps/place/Sustainability,+Energy,+and+Environment+Complex+(SEEC)/@40.0098324,-105.2446085,17z/data=!4m8!1m2!2m1!1sSEEC!3m4!1s0x876bedea72c0adad:0x70cbd06af7eb29ef!8m2!3d40.0096506!4d-105.2422475",,,,
Andrews 14er Meeting,9/20/2018 19:00,9/20/2018 20:00,,,,,,,,
EHP Breakfast at the Julien,9/22/2018 8:30,9/22/2018 10:00,,Business Casual Dress ,,"St. Julien Restaurant Boulder, 900 Walnut St, Boulder, CO 80302, USA",,,,
Career Development - Lockheed Martin Show & Tech,9/24/2018 18:00,9/24/2018 19:30,,,,ECCR 245,,,,
CyberSecurity Club Meeting,9/24/2018 18:00,9/24/2018 19:00,,FREQ=WEEKLY;UNTIL=20180925T000000Z;BYDAY=MO,,DLC 1B40 (Usually),,,,
Career Development - Navigating the Career Fair,9/27/2018 17:15,9/27/2018 18:45,,,,DLC Collaboratory,,,,
Andrews 14er,9/28/2018 0:00,9/30/2018 0:00,,,,,,,,
Solar Sails: Traveling the Solar System,9/28/2018 12:00,9/28/2018 13:00,,,,DLC Collaboratory,,,,
EHP Astronaut Scholarship Event,9/28/2018 13:00,9/28/2018 15:00,,,,,,,,
Ralphie's Corral Tailgate,9/28/2018 16:00,9/28/2018 19:00,,,,Duane Field,,,,
CCDC Meeting,9/28/2018 17:00,9/28/2018 19:00,,FREQ=WEEKLY;UNTIL=20181012T230000Z,,DLC 1B20,,,,
CSEN Advising - Carrie Sadler,10/2/2018 13:00,10/2/2018 13:30,,,,ECOT 824,,,,
Find Mary about the Andrews Lighting & Sound,10/2/2018 13:30,10/2/2018 16:30,,,,,,,,
Career Development - Micron Show & Tech,10/2/2018 17:30,10/2/2018 19:00,,,,ECCR 245,,,,
Fall Technology Career Fair,10/3/2018 11:00,10/3/2018 16:00,,,,"University Memorial Center (UMC), Glenn Miller Ballroom",,,,
Scott Kelly Presentation,10/3/2018 18:15,10/3/2018 20:30,,,,Macky Auditorium,,,,
CU Family weekend,10/4/2018 0:00,10/8/2018 0:00,,,,,,,,
Fall Technology Career Fair,10/4/2018 11:00,10/4/2018 16:00,,,,"University Memorial Center (UMC), Glenn Miller Ballroom",,,,
EHP Open Mic Night,10/5/2018 0:00,10/6/2018 0:00,,,,,,,,
Intermediate backpacking trip,10/6/2018 0:00,10/8/2018 0:00,,,,,,,,
CSCI 2275 Interview Grading,10/10/2018 18:30,10/10/2018 19:00,,,,ECCS 112,,,,
Flu Shots at Wardenburg,10/12/2018 10:00,10/12/2018 12:30,,"FREQ=WEEKLY;COUNT=11;BYDAY=MO,TU,WE,TH,FR",,,,,,
Cyber Security Club Officer Interview,10/12/2018 16:30,10/12/2018 17:00,,,,DLC 1B20,,,,
Lockheed Martin Software Academy Interview,10/15/2018 13:00,10/15/2018 13:45,,,,C4C S440 Room 4,,,,
Call with LogRhythm,10/16/2018 15:30,10/16/2018 16:30,,,,Justin Skall,,,,
Career Development - Autonomous Vehicles Buff Talk,10/16/2018 17:30,10/16/2018 19:00,,,,ECCR 265,,,,
Fall All-Campus Career Fair,10/17/2018 11:00,10/17/2018 16:00,,,,"University Memorial Center (UMC), Glenn Miller Ballroom",,,,
Andrews Anderson Farms Pumpkin Patch Trip,10/20/2018 11:00,10/20/2018 15:00,,,,Anderson Farms,,,,
Raytheon Cyber Interview,10/23/2018 15:30,10/23/2018 16:30,,,,,,,,
InternshipWorks Faire,10/24/2018 10:00,10/24/2018 15:00,,,,Idea Forge,,,,
EHON 1151 Recitation Symposium Dinner,10/28/2018 17:00,10/28/2018 23:00,,,,,,,,
Last Day to Request Final Exam Reschedule,11/2/2018 0:00,11/3/2018 0:00,,"Last day for students to make arrangements with instructors if they have three or more final exams on the same day, or two final exams scheduled to meet at the same time ",,,,,,
Assignment 7 Interview Grading,11/2/2018 16:30,11/2/2018 16:45,,,,ECOT 831,,,,
Dinner at the McDougall's House,11/5/2018 18:00,11/5/2018 21:00,,,,,,,,
CU Spring Class Enrollment Begins,11/8/2018 11:00,11/8/2018 23:00,,,,11AM,,,,
Meeting,11/9/2018 15:00,11/9/2018 16:00,,,,C4C-S485,,,,
EHP Andrews Goes to the Movies - Fantastic Beasts II,11/15/2018 21:00,11/15/2018 23:00,,,,,,,,
Sam's CU Thanksgiving Break,11/19/2018 0:00,11/24/2018 0:00,,,,,,,,
APPM 1360 Midterm 3 Review Session,11/27/2018 18:00,11/27/2018 19:30,,,,HUMN 1B50,,,,
Aerospace Resume Workshop,11/29/2018 14:00,11/29/2018 15:00,,,,ECCR 151,,,,
Meeting with Dave (ITLL Sys Admin),11/29/2018 15:00,11/29/2018 16:00,,,,ITLL,,,,
CSCI 2275 Final Project Proposal Meeting,11/30/2018 10:30,11/30/2018 10:45,,,,ECCS 112,,,,
CSCI 2275 Interview Grading,12/7/2018 10:30,12/7/2018 10:45,,,,ECOT 731,,,,
Taste of Home Recipie at C4C,12/12/2018 17:00,12/12/2018 20:00,,,,,,,,
CU Last Day of Class,12/13/2018 0:00,12/14/2018 0:00,,,,,,,,
Critical Encounters Recitation Movie Night,12/13/2018 17:00,12/13/2018 20:00,,,,Small Classroom,,,,
CU Reading Day,12/14/2018 0:00,12/15/2018 0:00,,,,,,,,
CSCI 2275 Final Project Interview Grading,12/14/2018 9:30,12/14/2018 9:45,,,,ECOT 524,,,,
APPM 1360 Final Exam Review Session,12/14/2018 13:30,12/14/2018 15:30,,,,ECCR 265,,,,
CU Final Exams,12/15/2018 0:00,12/20/2018 0:00,,,,,,,,
APPM 1360 Final Exam Review Session,12/15/2018 10:30,12/15/2018 12:00,,,,ECCR 265,,,,
Palo Alto Networks Interview,12/18/2018 12:00,12/18/2018 13:00,,https://app.jobvite.com/j?cj=oiwj8fwZ&s=00 ,,With Zhi Xu,,,,
Sam's CU Winter Break,12/20/2018 0:00,1/12/2019 0:00,,,,,,,,
CU First Day of Class,1/14/2019 0:00,1/15/2019 0:00,,,,,,,,
CU Campus Closed,1/21/2019 0:00,1/22/2019 0:00,,,,,,,,
ASV Lecture 'Working for Gov Contractors',1/22/2019 12:00,1/22/2019 13:00,,Registration 2 weeks before event ,,DLC Collaboratory,,,,
Last Day to Add Classes,1/23/2019 0:00,1/24/2019 0:00,,,,,,,,
Data Lab Interview Grading,1/29/2019 12:10,1/29/2019 12:30,,Hoang Truong ,,ECCS 122,,,,
Last Day to Drop Classes,1/30/2019 0:00,1/31/2019 0:00,,,,,,,,
EHP Castle Retreat,2/2/2019 0:00,2/4/2019 0:00,,,,,,,,
PHYS 1120 Midterm 1,2/7/2019 19:30,2/7/2019 21:00,,,,,,,,
Buff Chat with Bryn,2/8/2019 17:30,2/8/2019 18:00,,,,,,,,
Skiing at Keystone,2/10/2019 6:00,2/10/2019 17:00,,,,,,,,
Call with MITRE,2/11/2019 14:00,2/11/2019 15:00,,,,Kelly Gerschefske,,,,
Internship Works Computing Career Fair,2/12/2019 10:00,2/12/2019 16:00,,,,,,,,
CSCI 2824 Exam 1,2/19/2019 18:30,2/19/2019 20:00,,,,HUMN 1B50,,,,
Fw: Inventory Requirement Gathering,2/20/2019 10:00,2/20/2019 11:00,,"Jean-Luc TendlerIntegrated Teaching and Learning ProgramCollege of Engineering and Applied ScienceUniversity of Colorado Boulder | ITLL 2B07Tendler@colorado.edu<mailto:Tendler@colorado.edu>________________________________From: John FranklinSent: Thursday, February 14, 2019 8:13 PMTo: Daniel Adam Godrick\; Brianne Alyssa Willett\; Maurice Irving Woods Iii\; Kai Amey\; Jean-Luc Tendler\; Taylor May\; David Long\; Brandon ScovronskiSubject: Inventory Requirement GatheringWhen: Wednesday, February 20, 2019 10:00 AM-11:00 AM.Where: 2B09 (J's Office)All-Let’s use this opportunity to identify the requirements of a new inventory solution. Identifying ‘nice-to-haves’ are a welcome part of the discussion. Please come prepared with ideas ahead of time, as I’d like to keep the meeting kept to an hour. We can meet again if more timeis needed.Let’s keep the discussion focused on what we need or want in a new solution, rather than a review of what Passport does poorly. I’ve pre-checked everyone’s calendar so hopefully this time works for everyone. For my team, attendance is optional.Collective feedback will beused to identify our unit tests of a new product. Once IT completes an initial build and review of a future solution, we’ll open our test environment to each of you. If our new solution meets our core needs, I’d like to have it implemented early summer 2019. I’m happy to chat if anyone has questions before this meeting.Thank you! ",safe9522@colorado.edu,2B09 (J's Office),,,,
CSCI 2400 Bomb Lab Interview Grading,2/21/2019 13:10,2/21/2019 13:30,,Hoang Truong ,,ECCS 111,,,,
HackCU V,2/23/2019 8:00,2/24/2019 14:00,,,,"University Of Colorado - Boulder SEEC, 4001 Discovery Dr, Boulder, CO 80303, USA",,,,
CSCI 2400 Quiz 2,2/26/2019 18:00,2/26/2019 19:00,,,,,,,,
Call with MITRE,2/28/2019 13:00,2/28/2019 14:00,,,,Bethany Griswold,,,,
Career Development - Lockheed Martin Show & Tech,2/28/2019 18:00,2/28/2019 20:00,,,,ECCR 245,,,,
JPL Interview,3/4/2019 16:00,3/4/2019 17:00,,,,Maged Elaasar,,,,
Call With MITRE,3/5/2019 12:00,3/5/2019 13:00,,,,Christina Searles,,,,
HUEN 1010 FSP Conference,3/6/2019 14:00,3/6/2019 14:30,,,,"Lesser House, 2501 Colorado Ave, Boulder, CO 80302, USA",,,,
PHYS 1120 Midterm 2,3/7/2019 19:30,3/7/2019 21:00,,,,,,,,
Andrews Spring cultural event,3/8/2019 0:00,3/9/2019 0:00,,,,,,,,
MITRE Offer Acceptance Due,3/11/2019 0:00,3/12/2019 0:00,,,,,,,,
Advisor Appointment,3/14/2019 16:00,3/14/2019 17:00,,,,ECOT 621,,,,
CSCI 2400 Exam 1,3/18/2019 0:00,3/19/2019 0:00,,,,,,,,
CSCI 2824 Exam 2,3/19/2019 18:30,3/19/2019 20:00,,,,MATH 100,,,,
CSCI 2400 Exam 2,3/22/2019 0:00,3/23/2019 0:00,,,,,,,,
Sams' CU Spring Break,3/25/2019 0:00,3/30/2019 0:00,,,,,,,,
Fingerprinting,4/4/2019 15:00,4/4/2019 16:00,,,,CUPD,,,,
CU Fall Class Enrollment Begins,4/9/2019 15:30,4/9/2019 16:30,,,,4PM,,,,
HUEN 1010 SSP Conference,4/10/2019 14:30,4/10/2019 14:45,,,,,,,,
PHYS 1120 Midterm 3,4/11/2019 19:30,4/11/2019 21:00,,,,MATH 100,,,,
Prashil's Graduation Celebration!,4/12/2019 19:15,4/12/2019 21:15,,,safe9522@colorado.edu; iajo4099@colorado.edu; siko3294@colorado.edu; hoenigmr@colorado.edu; niel4265@colorado.edu; dako1350@colorado.edu; prbh9460@colorado.edu; zajo5591@colorado.edu; rith4355@colorado.edu,"Lazy Dog Sports Bar & Grill, 1346 Pearl St, Boulder, CO 80302, USA",,,,
CSCI 2400 Perf Lab Interview Grading,4/16/2019 13:00,4/16/2019 13:20,,,,ECCS 102,,,,
Call With MITRE,4/18/2019 14:00,4/18/2019 15:00,,,,,,,,
Engineering Projects Expo,4/26/2019 14:00,4/26/2019 17:30,,,,Indoor Field East of Folsom,,,,
EHP Spring Banquet,4/28/2019 18:00,4/28/2019 20:30,,Formal Attire Requested. Dress up! It's a nice party!Arrive at 6:00 to mingle and be seated\; buffet opens at 6:30 ,,"Hotel Boulderado, 2115 13th Street, Boulder",,,,
CSCI 2400 Shell Lab Interview Grading,4/30/2019 11:40,4/30/2019 11:50,,,,ECCS112B,,,,
Sam's CU Last Day of Class,5/2/2019 0:00,5/3/2019 0:00,,,,,,,,
CU Reading Day,5/3/2019 0:00,5/4/2019 0:00,,,,,,,,
CU Final Exams,5/4/2019 0:00,5/9/2019 0:00,,,,,,,,
PHYS 1120 Final Exam,5/4/2019 7:30,5/4/2019 10:00,,"Sec 9, row 10, seat 11 ",,Coors Event Center,,,,
Return Books and Bike Station,5/6/2019 12:00,5/6/2019 13:00,,,,,,,,
CSCI 2400 Final Exam,5/6/2019 19:30,5/6/2019 22:00,,,,HUMN 1B50,,,,
CSCI 2824 Final Exam,5/8/2019 13:30,5/8/2019 16:00,,,,RAMY C250,,,,
CU Commencement,5/9/2019 0:00,5/10/2019 0:00,,,,,,,,
FW: MITRE's Annual Run/Walk for Fun!,5/17/2019 12:45,5/17/2019 14:00,,"FYI-- KellyFrom: swootton@mitre.orgWhen: 12:45 PM -2:00 PM May 17, 2019Subject: MITRE's Annual Run/Walk for Fun!Location: Garden of the Gods (30th St & Gateway Rd)All,As promised, here’s the Outlook invitation for our annual Run/Walk for Fun!EVENT DETAILS:WHAT: 5K Run or 2-mile WalkWHEN: Friday, May 17 (Snow/Rain date: Friday, May 31) ",Colorado Springs Interns; dugan6240@gmail.com; jakemuth19@gmail.com; Aaron Quizon; andrewsmacgrath@yahoo.com; Lucas O Sward; Mark Wilmes; scstoyer@gmail.com; dannygeisz@berkley.edu; safe9522@colorado.edu; cridings@umich.edu,Garden of the Gods (30th St & Gateway Rd),,,,
Returning Student Meeting,8/22/2019 13:30,8/22/2019 14:30,,,,Kitt Central Common Room,,,,
CU Cyber Security Club Planning,8/24/2019 17:00,8/24/2019 19:00,,,,"Sanitas Brewing Company 3550 Frontier Ave, Unit A, Boulder, CO  80301, United States",,,,
CU First Day of Class,8/26/2019 0:00,8/27/2019 0:00,,,,,,,,
Aerospace Building Ceremony,8/26/2019 12:30,8/26/2019 14:00,,,,,,,,
EHP Returning Students Meeting,8/27/2019 20:00,8/27/2019 21:00,,,,Idea Forge Classroom,,,,
Andrews 14er Meeting,9/3/2019 20:00,9/3/2019 21:00,,"FREQ=WEEKLY;WKST=SU;COUNT=2;BYDAY=TU,WE",,Andrews Classroom,,,,
Black hole show,9/6/2019 19:00,9/6/2019 20:00,,,,,,,,
Andrews 14er,9/13/2019 0:00,9/15/2019 0:00,,,,,,,,
ASV Career Fair,9/16/2019 17:00,9/16/2019 20:00,,,,"Glenn Miller Ball Room, UMC",,,,
Computing and Software Career Fair,9/17/2019 10:00,9/17/2019 15:00,,,,Arrow Touchdown Club at Folsom Field,,,,
Andrews Hall Breakfast,9/21/2019 8:30,9/21/2019 11:00,,,,"St. Julien Restaurant Boulder, 900 Walnut St, Boulder, CO 80302, USA",,,,
Global Business Minor Info Session,9/26/2019 17:00,9/26/2019 18:00,,,,Koelbel 255,,,,
EHP Astronaut Scholarship Event,9/27/2019 13:00,9/27/2019 15:00,,,,,,,,
COMM 3620 Team Meeting,9/27/2019 14:00,9/27/2019 16:00,,,,Norlin Library Fountain,,,,
Coffee With Anna,9/27/2019 17:45,9/27/2019 19:00,,,,"Brewing Market Coffee 2610 Baseline Rd, Boulder, CO  80305, United States",,,,
STEM Industry Career & Internship Fair,10/1/2019 11:00,10/1/2019 16:00,,"The STEM Industry Career & Internship Fair is ideal for students who are seeking internships or full-time positions. Employers will be recruiting for computer science, robotics, math, statistics, technology and all engineering fields. CU Boulder students and alumni from all majors, experience levels and backgrounds are welcome to attend this FREE event.This two-day event will bring a different set of employers each day, so be sure to check back occasionally to see who is attending.https://calendar.colorado.edu/event/stem_industry_career_internship_fair ",,University Memorial Center (UMC),,,,
STEM Industry Career & Internship Fair,10/2/2019 11:00,10/2/2019 16:00,,"The STEM Industry Career & Internship Fair is ideal for students who are seeking internships or full-time positions. Employers will be recruiting for computer science, robotics, math, statistics, technology and all engineering fields. CU Boulder students and alumni from all majors, experience levels and backgrounds are welcome to attend this FREE event.This two-day event will bring a different set of employers each day, so be sure to check back occasionally to see who is attending.https://calendar.colorado.edu/event/stem_industry_career_internship_fair_1621 ",,University Memorial Center (UMC),,,,
Star Party,10/2/2019 18:30,10/2/2019 21:00,,,,Business Field,,,,
CSCI 2820 Midterm 1,10/3/2019 0:00,10/4/2019 0:00,,,,,,,,
All Industries Career & Internship Fair,10/3/2019 11:00,10/3/2019 16:00,,"The Fall Career & Internship Fair is ideal for students who areseeking internships or full-time positions. Employers will be recruiting all majors including accounting, banking, consulting, government, human services, management, retail, sales, communications and more.CU Boulder students and alumni from all majors, experience levels and backgrounds are welcome to attend this FREE event.https://calendar.colorado.edu/event/fall_career_internship_fair ",,University Memorial Center (UMC),,,,
CSCI 3308 Weekly Meeting,10/3/2019 18:30,10/3/2019 19:30,,"FREQ=WEEKLY;WKST=SU;UNTIL=20191215T235959Z;BYDAY=TH,WE",,Bear Creek,,,,
CB,10/4/2019 14:30,10/6/2019 16:00,,,,,,,,
Coffee With Anna,10/7/2019 16:30,10/7/2019 17:30,,,,"Brewing Market Coffee 2610 Baseline Rd, Boulder, CO  80305, United States",,,,
JPL Show and Tech,10/8/2019 17:30,10/8/2019 19:00,,,,ECCR 200,,,,
Breakfast,10/10/2019 8:00,10/10/2019 9:00,,,,,,,,
Interview with JPL,10/10/2019 11:00,10/10/2019 11:30,,,,C4C S440,,,,
Birthday Dinner,10/10/2019 17:30,10/10/2019 19:00,,,,,,,,
CSCI 3104 Midterm,10/11/2019 18:00,10/11/2019 20:00,,,,MATH 100,,,,
Coffee With Anna,10/14/2019 10:00,10/14/2019 10:30,,,,,,,,
CSCI 3308 Exam,10/16/2019 19:00,10/16/2019 20:30,,,,RAMY C250,,,,
PHIL 2440 Midterm,10/17/2019 15:30,10/17/2019 16:45,,,,,,,,
CS Advising Appointment,10/18/2019 14:15,10/18/2019 15:00,,,,ECOT 621,,,,
CCDC Team Meeting,10/19/2019 12:00,10/19/2019 14:00,,FREQ=WEEKLY;UNTIL=20191221T065959Z,,DLC 1B20,,,,
COMM 3620 Writing Due,10/23/2019 0:00,10/24/2019 0:00,,,,,,,,
Raytheon Interview,10/23/2019 15:00,10/23/2019 16:00,,,,ITLL GSR,,,,
Open Mic Night,10/25/2019 18:00,10/25/2019 22:00,,,,,,,,
Cybersecurity and Space TCP Seminar,11/6/2019 16:00,11/6/2019 18:00,,,,Aerospace Building,,,,
CU Spring Class Enrollment Begins,11/11/2019 0:00,11/12/2019 0:00,,,,3:45PM,,,,
CSCI 2820 Midterm 2,11/14/2019 0:00,11/15/2019 0:00,,,,,,,,
CSCI 3104 Midterm 2,11/21/2019 18:00,11/21/2019 20:00,,,,MATH 100,,,,
Anna Orchestra Concert,12/9/2019 19:30,12/9/2019 21:00,,,,,,,,
CSCI 2820 Final Exam,12/12/2019 0:00,12/13/2019 0:00,,,,,,,,
Reading Day,12/13/2019 0:00,12/14/2019 0:00,,,,,,,,
CU Boulder Commencement,5/7/2020 0:00,5/8/2020 0:00,,,,,,,,
APPM 1360 Lecture,8/27/2018 9:00,8/27/2018 9:50,,"FREQ=WEEKLY;UNTIL=20181215T065959Z;BYDAY=MO,WE,FR",,ANDR N103,,,,
CSCI 2275 Lecture,8/27/2018 11:00,8/27/2018 11:50,,"FREQ=WEEKLY;UNTIL=20181215T065959Z;BYDAY=MO,WE,FR",,ECES 114,,,,
PHYS 1110 Lecture,8/27/2018 14:00,8/27/2018 14:50,,"FREQ=WEEKLY;UNTIL=20181215T065959Z;BYDAY=MO,WE,FR",,DUAN G1B30,,,,
CSCI 1000 Lecture,8/27/2018 17:00,8/27/2018 17:50,,FREQ=WEEKLY;UNTIL=20181211T065959Z;BYDAY=MO,,ECCR 265,,,,
EHON 1151 Lecture,8/28/2018 9:30,8/28/2018 10:45,,"FREQ=WEEKLY;UNTIL=20181214T065959Z;BYDAY=TU,TH",,ANDR E100,,,,
APPM 1360 Recitation,8/28/2018 11:00,8/28/2018 11:50,,FREQ=WEEKLY;UNTIL=20181212T065959Z;BYDAY=TU,,FLMG 154,,,,
CSCI 2275 Recitation,8/29/2018 12:00,8/29/2018 13:15,,FREQ=WEEKLY;UNTIL=20181213T065959Z;BYDAY=WE,,ECES 114,,,,
PHYS 1110 Recitation,8/29/2018 15:00,8/29/2018 15:50,,FREQ=WEEKLY;UNTIL=20181213T065959Z;BYDAY=WE,,DUAN G2B63,,,,
PHYS 1110 Lecture,8/31/2018 14:00,8/31/2018 14:50,,,,DUAN G1B30,,,,
APPM 1360 Quiz 1,9/4/2018 0:00,9/5/2018 0:00,,,,,,,,
APPM 1360 Quiz 2,9/11/2018 0:00,9/12/2018 0:00,,,,,,,,
EHON 1151 Recitation,9/13/2018 11:00,9/13/2018 11:50,,FREQ=WEEKLY;UNTIL=20181222T065959Z,,,,,,
Assignment1 Interview Grading,9/17/2018 13:20,9/17/2018 13:30,,,,,,,,
APPM 1360 Quiz 3,9/18/2018 0:00,9/19/2018 0:00,,,,,,,,
APPM 1360 Midterm 1,9/26/2018 18:00,9/26/2018 19:30,,,,FLMG 154,,,,
PHYS 1110 Midterm 1,9/27/2018 19:30,9/27/2018 21:15,,,,HUMN 1B50,,,,
APPM 1360 Quiz 4,10/2/2018 0:00,10/3/2018 0:00,,,,,,,,
APPM 1360 Quiz 5,10/9/2018 0:00,10/10/2018 0:00,,,,,,,,
APPM 1360 Quiz 6,10/16/2018 0:00,10/17/2018 0:00,,,,,,,,
CSCI 2275 Midterm 1,10/17/2018 0:00,10/18/2018 0:00,,,,,,,,
CSCI 2275 Lecture,10/17/2018 11:00,10/17/2018 11:50,12/31/1969 17:00,"NO LECTURE THIS WEEK DUE TO MIDTERM, OFFICE HOURS INSTEAD ",,ECES 114,,,,
EHON 1151 Lecture,10/23/2018 9:30,10/23/2018 10:45,,,,ANDR E100,,,,
APPM 1360 Midterm 2,10/24/2018 18:00,10/24/2018 19:30,,,,FLMG 154,,,,
PHYS 1110 Midterm 2,10/25/2018 19:30,10/25/2018 21:15,,,,,,,,
APPM 1360 Quiz 7,10/30/2018 0:00,10/31/2018 0:00,,,,,,,,
APPM 1360 Quiz 8,11/6/2018 0:00,11/7/2018 0:00,,,,,,,,
APPM 1360 Quiz 9,11/13/2018 0:00,11/14/2018 0:00,,,,,,,,
CSCI 2275 Midterm 2,11/14/2018 11:00,11/14/2018 13:00,,,,,,,,
APPM 1360 Midterm 3,11/28/2018 18:00,11/28/2018 19:30,,,,FLMG 154,,,,
PHYS 1110 Midterm 3,11/29/2018 19:30,11/29/2018 21:15,,,,,,,,
APPM 1360 Quiz 10,12/4/2018 0:00,12/5/2018 0:00,,,,,,,,
EHON 1151 Final - NOTHING DURING EXAM SLOT,12/16/2018 16:30,12/16/2018 19:00,,,,ANDR E100,,,,
CSCI 2275 Final - OPTIONAL,12/16/2018 19:30,12/16/2018 22:00,,,,ECES 114,,,,
APPM 1360 Final,12/17/2018 7:30,12/17/2018 10:00,,,,CHEM 140,,,,
CSCI 1000 Final,12/17/2018 19:30,12/17/2018 22:00,,,,ECCR 265,,,,
PHYS 1110 Final,12/19/2018 10:30,12/19/2018 13:00,,,,,,,,
CSCI 2824 Lecture,1/14/2019 9:00,1/14/2019 9:50,,"FREQ=WEEKLY;UNTIL=20190502T055959Z;BYDAY=MO,WE,FR",,RAMY C250,,,,
PHYS 1120 Lecture,1/14/2019 10:00,1/14/2019 10:50,,"FREQ=WEEKLY;UNTIL=20190502T055959Z;BYDAY=MO,WE,FR",,DUAN G1B30,,,,
HUEN 1010 Lecture,1/14/2019 13:00,1/14/2019 13:50,,"FREQ=WEEKLY;UNTIL=20190502T055959Z;BYDAY=MO,WE,FR",,ECCR 1B06,,,,
CSCI 2400 Lecture,1/14/2019 15:00,1/14/2019 15:50,,"FREQ=WEEKLY;UNTIL=20190502T055959Z;BYDAY=MO,WE,FR",,HUMN 1B50,,,,
CSCI 2400 Recitation,1/14/2019 17:00,1/14/2019 17:50,,FREQ=WEEKLY;UNTIL=20190430T055959Z;BYDAY=MO,,ECES 114,,,,
PHYS 1120 Recitation,1/15/2019 9:00,1/15/2019 9:50,,FREQ=WEEKLY;UNTIL=20190122T160000Z;BYDAY=TU,,DUAN G2B60,,,,
PHYS 1140 Lab,1/15/2019 10:00,1/15/2019 11:50,,FREQ=WEEKLY;UNTIL=20190501T055959Z;BYDAY=TU,,DUAN G2B73,,,,
PHYS 1140 Lecture,1/16/2019 16:00,1/16/2019 16:50,,FREQ=WEEKLY;UNTIL=20190502T055959Z;BYDAY=WE,,DUAN G1B30,,,,
PHYS 1140 Lecture,1/23/2019 16:00,1/23/2019 16:50,,,,DUAN G1B30,,,,
PHYS 1120 Recitation,1/29/2019 9:00,1/29/2019 9:50,,FREQ=WEEKLY;UNTIL=20190501T055959Z;BYDAY=TU,,DUAN G2B63,,,,
CSCI 3308 Lecture,8/26/2019 10:00,8/26/2019 10:50,,"FREQ=WEEKLY;WKST=SU;UNTIL=20191212T065959Z;BYDAY=MO,WE",,ECCR 150,,,,
CSCI 3308 Lecture,8/26/2019 10:00,8/26/2019 10:50,,"FREQ=WEEKLY;WKST=SU;UNTIL=20190826T055959Z;BYDAY=MO,WE",,,,,,
COMM 3620,8/27/2019 9:30,8/27/2019 10:45,,"FREQ=WEEKLY;WKST=SU;UNTIL=20190827T055959Z;BYDAY=TU,TH",,EKLC E1B75,,,,
COMM 3620 Lecture,8/27/2019 9:30,8/27/2019 10:45,,"FREQ=WEEKLY;WKST=SU;UNTIL=20191213T065959Z;BYDAY=TU,TH",,EKLC E1B75,,,,
CSCI 3104 Lecture,8/27/2019 12:30,8/27/2019 13:45,,"FREQ=WEEKLY;WKST=SU;UNTIL=20191213T065959Z;BYDAY=TU,TH",,HUMN 1B80,,,,
CSCI 2820 Lecture,8/27/2019 14:00,8/27/2019 15:15,,"FREQ=WEEKLY;WKST=SU;UNTIL=20191213T065959Z;BYDAY=TU,TH",,ECCR 1B40,,,,
PHIL 2440 Lecture,8/27/2019 15:30,8/27/2019 16:45,,"FREQ=WEEKLY;WKST=SU;UNTIL=20191213T065959Z;BYDAY=TU,TH",,HLMS 237,,,,
CSCI 3104 Recitation,8/28/2019 8:00,8/28/2019 8:50,,FREQ=WEEKLY;WKST=SU;UNTIL=20190828T140000Z;BYDAY=WE,,ECES 114,,,,
CSCI 3308 Lab,8/30/2019 8:00,8/30/2019 9:40,,FREQ=WEEKLY;WKST=SU;UNTIL=20191214T065959Z;BYDAY=FR,,ECCR 235,,,,
CSCI 3104 Recitation,9/4/2019 8:00,9/4/2019 8:50,,FREQ=WEEKLY;WKST=SU;UNTIL=20191212T065959Z;BYDAY=WE,,ECCR 151,,,,
